ligand_id,SMILES,glide_gscore,is_active
CCR2-decoy_234,CCOC(=O)[C@H](Cc1c[nH]c2ccccc12)NP(=O)(OC[C@H]1O[C@@H](n2cc(/C=C/Br)c(=O)[nH]c2=O)C[C@@H]1O)Oc1ccccc1,-9.2206987107786,0
CCR2-decoy_157,O=C([O-])COc1cccc2c1CCC(Cn1cc(C(c3ccccc3)c3cccnc3)cn1)C2,-9.15223313927351,0
ASD10910004,O=C(CCCn1ccnn1)C1=C(O)C(=O)N(c2ccc(Cl)cc2F)C1C1CCCCC1,-8.76460359663672,1
CCR2-decoy_761,O=C1NC(c2cccnc2)c2c1[nH]nc2c1ccccc1,-8.67943929591584,0
CCR2-decoy_756,COc1ccc(C2COc3cc(O)cc(O)c3C2=O)cc1,-8.57018829174745,0
CCR2-decoy_254,Cc1cn([C@H]2C[C@H](N=[N+]=[N-])[C@@H](COP(=O)(OCCS(=O)(=O)c3ccccc3)Oc3ccc(Cl)cc3)O2)c(=O)[nH]c1=O,-8.55879910512471,0
CCR2-decoy_311,CCCCCOC(=O)[C@H](Cc1ccccc1)NP(=O)(OC[C@H]1O[C@@H](n2cc(/C=C/C(=O)OC)c(=O)[nH]c2=O)C[C@@H]1O)Oc1cccc2ccccc12,-8.4843683805745,0
CCR2-decoy_395,CC(C)C[C@H](NC(=O)[C@H](CCc1ccccc1)CP(=O)(O)CCCCNC(=O)Cc1ccccc1)C(=O)Nc1ccccc1,-8.28114252790091,0
CCR2-decoy_28,CSc1nnc(SC2=C([O-])CC(c3ccccc3)CC2=O)s1,-8.27405077663687,0
CCR2-decoy_301,C=CCO/N=C(\Cn1c(=O)c2cc(CC)sc2n(Cc2ccc(c3ccccc3c3nc(=O)o[nH]3)cc2)c1=O)c1ccc(OC)cc1,-8.26309288340722,0
CCR2-decoy_623,CCC1=NN(c2ccc(F)cc2)C(=O)C1Oc1ccccc1,-8.25483873882234,0
CCR2-decoy_477,COc1cc(/C=C2/SC(=O)NC2=O)ccc1OCc1nc2ccccc2c(=O)n1c1ccc(C(F)(F)F)cc1,-8.21575641579004,0
CCR2-decoy_774,O=c1oc2ccc(F)cc2n1Cc1cccc(F)c1,-8.20030280639645,0
CCR2-decoy_728,Cc1ccc(C2(c3ccc(O)cc3)C(=O)Nc3c2ccc(F)c3F)cc1,-8.17817794649981,0
CCR2-decoy_298,O=C(N[C@@H](Cc1ccccc1)P(=O)(O)[C@@H]1CCC[C@H]1C(=O)N[C@@H](Cc1c[nH]c2ccccc12)C(=O)[O-])OCc1ccccc1,-8.16213700413342,0
CCR2-decoy_664,N#Cc1ccccc1CSC1=NCCS1,-8.15370462663048,0
CCR2-decoy_585,O=C(O/N=C/c1ccc(F)cc1)N1CCOCC1,-8.0930852924887,0
CCR2-decoy_307,Cc1cncc(CN(C)C(=O)NC(C(=O)N[C@@H](Cc2ccccc2)C[C@H](O)[C@H](Cc2ccccc2)NC(=O)OCc2cccnc2)C(C)C)n1,-8.07243282463704,0
CCR2-decoy_308,Cc1ccccc1CNC(=O)[C@H]1N(C(=O)[C@@H](O)[C@H](Cc2ccccc2)NC(=O)COc2c(C)cc(N(C)C)cc2C)CSC1(C)C,-8.05786977338565,0
CCR2-decoy_663,COc1ccccc1c1cc(=O)[nH]c(=S)[nH]1,-8.0499312150801,0
ASD10910012,O=C(NCc1c[nH]nn1)c1ccccc1Oc1ccc(Cl)cc1NS(=O)(=O)c1ccc(Cl)c(Cl)c1,-8.02602437512574,1
CCR2-decoy_488,CSc1nn2cc(c3nc4c(OC[C@@H]5CCCN5C(=O)[C@H](NC(=O)c5ccccc5)c5ccccc5)cccc4o3)nc2s1,-7.97427426591862,0
CCR2-decoy_626,Fc1ccc(c2nss/c2=N\c2ccccc2)cc1,-7.92860658869561,0
CCR2-decoy_696,O=C(c1ccc(c2ccccc2)o1)n1cccn1,-7.88362613538744,0
CCR2-decoy_625,O=C(CSc1nc2ccccc2s1)c1ccc(O)c(O)c1,-7.85995222189957,0
CCR2-decoy_586,O=C1CCCC1n1cc(c2ccc(F)cc2)nn1,-7.84191921573091,0
CCR2-decoy_12,C=C1C(=O)O[C@@H]2[C@@H]3C(=C(C)C[C@H](OC(=O)/C(C)=C\C)[C@@H]12)C[C@@H]1O[C@@]13C,-7.82700725518792,0
CCR2-decoy_524,O=S(=O)(c1ccc(Br)cc1)c1nnn2c1nc(NCCc1ccccc1)c1sccc12,-7.80431609252068,0
CCR2-decoy_597,COP(=O)([O-])c1ccc(C(F)(F)F)cc1,-7.7935590046819,0
CCR2-decoy_79,O=c1[nH]c(NC2CCC2)nc(N[C@@H]2C[C@H](CO)[C@@H](O)[C@H]2O)c1c1nccs1,-7.78583861753552,0
CCR2-decoy_799,Cc1ccc2c(c1)C(=O)N(Cc1ccc(F)cc1)C2=O,-7.75261257896926,0
CCR2-decoy_143,COc1ccc([C@@H]2SCC(=O)N2CCN2C(=O)CS[C@@H]2c2ccc(OC)c(F)c2)cc1F,-7.68730710810658,0
CCR2-decoy_264,CCOc1nc(N)nc2c1ncn2[C@@H]1O[C@](F)(COP(=O)(N[C@@H](C)C(=O)OCC(C)C)Oc2cccc3ccccc23)[C@@H](O)[C@@]1(C)F,-7.68289119796899,0
CCR2-decoy_8,CCc1ccc(/C=C2\Oc3cc(OS(C)(=O)=O)ccc3C2=O)cc1,-7.67902215049439,0
CCR2-decoy_614,Cc1cccc(n2ncc(C)c2c2cc3ccncc3s2)n1,-7.65575914130591,0
CCR2-decoy_191,C=C(C)CN(C1Cc2cc(C#N)ccc2N(Cc2cncn2C)C1)S(=O)(=O)c1ccccc1,-7.65387207197144,0
CCR2-decoy_779,COc1ccccc1C1NNCc2nc3ccccc3n21,-7.63317390365777,0
CCR2-decoy_599,O=C([O-])CCCn1c2ccccc2c2ccccc21,-7.61438226005134,0
CCR2-decoy_672,O=C(CS)Nc1cc(c2ccc(F)cc2)n[nH]1,-7.61317252879551,0
CCR2-decoy_755,CN(C)c1ccc(C2C(=O)c3ccccc3C2=O)cc1,-7.60420952318121,0
CCR2-decoy_131,Cc1ccc(C(=O)OCC2OC(N3C=CSCC3=O)C[C@H]2OC(=O)c2ccc(C)cc2)cc1,-7.6029852649101,0
ASD10910014,O=S(=O)(Nc1ccccc1)c1ccc(Cl)c(Cl)c1,-7.56564694814584,1
ASD10910005,O=C(CCCn1ccnn1)C1=C(O)C(=O)N(c2ccc(Br)cc2F)C1C1CCCCC1,-7.55200080469672,1
CCR2-decoy_185,O=C(Cc1ccccc1)OC1C=CC(n2ccc(=O)n(Cc3cc(F)cc(F)c3)c2=O)C1,-7.53932373393542,0
CCR2-decoy_13,O=C(OCc1ccccc1)[C@@H]1COC(c2cccc(Br)c2)=N1,-7.52398295642841,0
ASD10910011,O=C(NCc1c[nH]nn1)c1ccc(Oc2ccc(Cl)cc2NS(=O)(=O)c2ccc(Cl)c(Cl)c2)cc1,-7.51858245970233,1
ASD10910017,O=C(O)c1ccccc1Oc1ccc(Cl)cn1,-7.51168095308773,1
CCR2-decoy_594,O=C1C[C@H](Sc2ccccc2)[C@H]2CO[C@@H]1O2,-7.49579629567432,0
CCR2-decoy_11,Cc1c(C(F)(F)F)n(c2nc(C(=O)[O-])cs2)nc1c1ccccc1,-7.49440481644612,0
CCR2-decoy_322,CCCN1C[C@@H]([C@H](O)[C@H](CC2CCCCC2)NC(=O)[C@H](Cc2c[nH]cn2)NC(=O)[C@H](Cc2ccccc2)NC(=O)OC(C)(C)C)OC1=O,-7.47946107172747,0
ASD10910010,O=C(NCc1c[nH]nn1)c1ccc(Oc2ncc(Cl)cc2NS(=O)(=O)c2ccc(Cl)c(C(F)(F)F)c2)cc1,-7.46986147232656,1
CCR2-decoy_716,Cc1nc2ccnn2c(c2ccc(Cl)c(Cl)c2)c1C(=O)N1CCCCC1,-7.46796766544089,0
CCR2-decoy_791,CC(=O)N1CCc2[nH]nc(Nc3ccc(F)cc3)c2C1,-7.46012852200267,0
CCR2-decoy_767,COCCC(=O)N1CCCC1c1cccc(C)c1C,-7.38687247411927,0
CCR2-decoy_565,Cc1cc(C(F)(F)F)nn1CC(=O)N1CCCC1,-7.38521547598807,0
CCR2-decoy_702,COc1cc(c2nc(O)c3c4c(sc3n2)CCCC4)cc(Cl)c1O,-7.37974349782459,0
CCR2-decoy_778,O=C(C1=CC(=O)c2ccccc2C1=O)c1cccc(F)c1,-7.37880128531655,0
CCR2-decoy_751,CC(C)[C@H](NC(=O)c1ccccc1)c1n[nH]c(=S)o1,-7.36990692212295,0
CCR2-decoy_605,COc1nn2cc(c3ccc(F)c(C(F)(F)F)c3)nc2s1,-7.3558036154614,0
CCR2-decoy_574,CCN1C(=O)C(=O)N(c2c(C)cccc2C)C1=S,-7.35383651779854,0
CCR2-decoy_166,COc1ccnc(CN(C)C(=O)C2CCC(=O)N(Cc3cccc(C(F)(F)F)c3)C2)c1,-7.32919093191533,0
CCR2-decoy_687,O=C(NN=C1CCCC1)c1ccccc1O,-7.32516696707945,0
CCR2-decoy_425,COc1ccc(/C=N/n2c(S)nnc2Cn2nc(Cc3ccc(C)cc3)n(CCc3c[nH]c4ccccc34)c2=O)cc1,-7.31979355337564,0
CCR2-decoy_689,OCc1ccncc1NCc1ccccc1,-7.30153956352706,0
CCR2-decoy_666,O=C1CCC[C@@H]([C@H]2C[C@@H]2c2ccccc2)O1,-7.29737256167143,0
ASD10910009,O=C(NCCOCCOCCn1ccnn1)c1ccccc1Oc1ccc(Cl)cc1NS(=O)(=O)c1ccc(Cl)c(Cl)c1,-7.25650135087545,1
CCR2-decoy_579,Clc1ccc(c2nnnn2c2ccccn2)cc1,-7.2503348277057,0
CCR2-decoy_281,CC(C)(C)OC(=O)N[C@@H](CC(=O)OCc1ccccc1)C(=O)N[C@@H](CCCC[NH2+]C(=O)OCc1ccccc1)C(=O)OC(C)(C)C,-7.22891371633276,0
CCR2-decoy_746,CN(C)c1ccc(c2nc3ncnc(N)c3cc2Cc2ccccc2)cc1,-7.22247291573429,0
CCR2-decoy_10,Cc1c(CCC(=O)[O-])c(=O)oc2cc3occ(c4ccccc4)c3cc12,-7.21906278052105,0
CCR2-decoy_747,CCCCCN1C(=O)C2(CC(=O)c3cc4c(cc32)OCO4)c2ccccc21,-7.21261625892374,0
CCR2-decoy_782,COc1nn(Cc2cccc(c3ccccc3)c2)c(=O)o1,-7.20997736466509,0
CCR2-decoy_550,CC(C)n1cc(Br)cc(C(=O)Nc2cc(C#N)ccc2N2CCC(Oc3ccc(F)cc3F)CC2)c1=O,-7.20958649886223,0
CCR2-decoy_613,CCCC(=O)Nc1n[nH]c2cc(c3ccc(F)cc3)ccc12,-7.20643308715348,0
CCR2-decoy_758,O=C(Cc1nc2ccccc2[nH]1)N/N=C/c1ccccc1,-7.19495958522126,0
CCR2-decoy_33,CSc1nc2ccsc2c(=O)n1CC(=O)N(C)c1ccccc1,-7.19226887978286,0
CCR2-decoy_202,CC(C)C[C@@H](C(=O)Nc1ccc(S(=O)(=O)c2ccc(N)cc2)cc1)N1C(=O)c2cccc3c(NCCSc4ccccc4)ccc(c23)C1=O,-7.19101461210057,0
CCR2-decoy_393,CC(C)OC(=O)[C@H](C)N[P@](=O)(OC[C@H]1O[C@@H](n2ccc(NC(=O)/C=C/c3ccccc3)nc2=O)[C@](C)(F)[C@@H]1O)Oc1ccccc1,-7.18150040580576,0
CCR2-decoy_616,O=C(CSc1nc2ccccc2[nH]1)c1ccc(O)c(Cl)c1,-7.15994937351064,0
CCR2-decoy_624,Cn1c(SCc2ccccc2F)nnc1c1ccccn1,-7.15675276009239,0
CCR2-decoy_4,O=C(c1cc(COc2c(F)cccc2F)on1)N1CCSCC1,-7.12463321460875,0
CCR2-decoy_697,OCc1ccc(Sc2nc3ccccc3[nH]2)o1,-7.10225973508017,0
CCR2-decoy_650,CC(C)(O)c1ccc(c2nc3c(Cl)cccc3c(=O)[nH]2)cc1,-7.08322713942708,0
CCR2-decoy_656,COc1cccc2oc(C(=O)C[S+](C)[O-])cc12,-7.07489808542585,0
CCR2-decoy_754,CCOC(=O)c1c2cccccc2n2c(=O)cc(C)nc12,-7.06318588422289,0
CCR2-decoy_752,Cc1ccc(S[C@H]2CC(=O)[C@@H]3OC[C@H]2O3)cc1,-7.05875129523852,0
CCR2-decoy_162,O=C(CSc1nc2ccccc2c(=O)n1c1ccc(F)cc1)Nc1ccc(C(=O)[O-])cc1,-7.04437293794127,0
CCR2-decoy_769,COC(=O)c1ccc(O)c(NC(=O)Cc2ccccc2)c1,-7.04417863603803,0
CCR2-decoy_491,COc1ccc2nc(NC(=O)C(=O)C(C(=O)c3ccccc3c3ccccc3)C3OC(=O)c4ccccc43)sc2c1,-7.03562401506947,0
CCR2-decoy_607,CCc1cccc(NC(=O)C(=O)c2c[nH]c3ccccc23)c1,-7.0228754340323,0
CCR2-decoy_519,COc1ccccc1n1c(SCC(=O)Nc2nc3ccc(C(F)(F)F)cc3s2)nc2c(c1=O)SCC2,-7.01499024977097,0
CCR2-decoy_576,Cc1nnc(c2ccccc2)nc1N1CCOCC1,-7.00154281045211,0
CCR2-decoy_662,CCCCc1c(O)n(c2ccccc2)[nH]c1=O,-6.99189961985967,0
CCR2-decoy_551,N#Cc1cccc(c2cncnc2n2ccnc2)c1,-6.95647062282741,0
CCR2-decoy_684,CC(NNC(=O)c1ccncc1)c1ccccc1,-6.95492036379821,0
CCR2-decoy_505,CCOc1cc(=O)n(C)cc1c1cc(NC(=O)Cc2ccccc2OC)ccc1Oc1ccc(F)cc1F,-6.95378536210205,0
CCR2-decoy_611,Cc1ncncc1c1nc2cc(F)c(F)cc2n1C1CC1,-6.95183499162722,0
CCR2-decoy_606,O=C1c2ccccc2C(=O)c2c(/C=C\N3CCCCC3)ccnc21,-6.94912854708895,0
CCR2-decoy_679,N#Cc1nc(CSCc2ccccc2)oc1N,-6.94807332434352,0
CCR2-decoy_164,CC(C)=CCC[C@]1(C)/C=C/[C@@H](OC(=O)C=C(C)C)[C@](C)(O)/C=C/C(=O)/C(C(=O)[O-])=C\C1,-6.94715368415692,0
CCR2-decoy_186,COc1cccc(CN(CC2CCC(C(=O)[O-])CC2)S(=O)(=O)c2ccc(C)cc2)c1,-6.9417396028292,0
CCR2-decoy_1,O=C1OC(c2cncnc2)CC([O-])=C1Sc1ccccc1Cl,-6.93589487095832,0
CCR2-decoy_44,O=C(OCc1ccccc1)C1=C(c2ccccc2)S[C@@H]2CC(=O)N12,-6.93581243614094,0
CCR2-decoy_388,O=C(Cc1cc2ccccc2o1)Cc1nnc(CCSCCc2nnc(NC(=O)Cc3cc4ccccc4o3)s2)s1,-6.93126051410531,0
CCR2-decoy_685,C[C@H]1C=C(C=O)C(C=O)=C[C@@H]2CC(C)(C)C[C@H]12,-6.91785437133659,0
CCR2-decoy_636,Cc1ccc(O)c(NC(=O)COc2cccc(C)c2C)c1,-6.91464240842027,0
CCR2-decoy_273,COc1ccc(n2c3cssc-3c(NC(=O)NCCOC(=O)CCCCC(=O)c3c(O)cc(C)oc3=O)c2=O)c(OC)c1,-6.912810680284,0
CCR2-decoy_644,COc1ccc(/C=C/c2cc(F)c(F)c(F)c2)cc1[N+](=O)[O-],-6.90475939306285,0
CCR2-decoy_562,CCCCn1c(=O)sn(c2ccc(C)cc2)c1=O,-6.90016218600014,0
CCR2-decoy_770,Cc1cccc(C(=O)Nc2ccc3c(c2)C(=O)NC3=O)c1,-6.89952631523137,0
CCR2-decoy_598,Fc1ccc(n2nnc(c3cccnc3)n2)cc1,-6.89799025328371,0
CCR2-decoy_742,Cc1nc2c3c(c(C(=O)N(C)C)cn2c1C)CC[C@H](c1ccccc1F)O3,-6.86303568476151,0
CCR2-decoy_654,c1ccc(c2ncc(c3ncco3)cn2)cc1,-6.86280083071046,0
CCR2-decoy_612,COc1ccc(c2cc3cccc(OC)c3o2)cc1OC,-6.85236179021445,0
CCR2-decoy_709,C#Cc1c(SC)nn(c2c(Cl)cc(C(F)(F)F)cc2Cl)c1N,-6.84263656921204,0
CCR2-decoy_554,Cc1cccc(Sc2nccn(C)c2=O)c1,-6.83656532955757,0
CCR2-decoy_648,Oc1ccc(/C=C/c2cc(Br)ccc2O)cc1,-6.83609024470972,0
CCR2-decoy_453,Cn1cc(c2c(COc3cccc4ccccc34)cc(=O)n3c2SC[C@H]3C(=O)NS(C)(=O)=O)c2ccccc21,-6.83258814095871,0
CCR2-decoy_772,COc1ccc2cccc(CCN3CCCC3=O)c2c1,-6.82290256837514,0
ASD10910016,O=S(=O)(Nc1ccccc1)c1ccccc1,-6.82008732654451,1
CCR2-decoy_589,CC[S+]([O-])C1=CC(=O)c2ccccc2C1=O,-6.81296465811382,0
CCR2-decoy_50,CN(Cc1ccsc1)C(=O)c1nc(N2CCCC2)ncc1Cl,-6.80981545068677,0
CCR2-decoy_571,Sc1ncnc2c1ncn2Cc1ccco1,-6.80975779744495,0
CCR2-decoy_659,O=C(NN=C1CCCC1)c1cccc(O)c1,-6.80454316059901,0
CCR2-decoy_7,Cc1c(CC(=O)[O-])c(=O)oc2cc3occ(c4ccc(Cl)cc4)c3cc12,-6.79986296658554,0
CCR2-decoy_569,N#Cc1cccc(n2ncc(c3ccccn3)n2)c1,-6.7990929433064,0
CCR2-decoy_480,CC(=O)C1=C(C)N(c2cccc(C(F)(F)F)c2)C(=O)N(C)C1c1ccc(C#N)cc1C(=O)NCc1ccnn1C,-6.78762454520154,0
CCR2-decoy_211,CCCC(C)C(=O)N[C@H](C(=O)N[C@H](C(=O)N[C@@H](Cc1ccccc1)[C@H](O)C(=O)N1CSC(C)(C)[C@H]1C(=O)NCC(C)C)C(C)(C)C)c1ccccc1,-6.78179069202452,0
CCR2-decoy_182,Cc1cccn2c(=O)c3cc(C#N)/c(=N\C(=O)c4cccs4)n(CCCOC(C)C)c3nc12,-6.77774140989298,0
CCR2-decoy_352,CCCOC(=O)[C@H](Cc1ccccc1)NP(=O)(CO[C@@H]1C=C(F)[C@H](n2cnc3c(N)ncnc32)O1)Oc1ccccc1,-6.77679781479397,0
CCR2-decoy_643,O=C1OC(c2ccccc2)(c2ccccc2)c2ccsc21,-6.77220516215076,0
CCR2-decoy_763,Cc1ccc(NC(=O)CSc2nnc[nH]2)c(C)c1,-6.77142814953895,0
CCR2-decoy_573,Cc1ccc(n2nnc(c3cccnc3)n2)cc1,-6.76718929206208,0
CCR2-decoy_259,COc1cc(C2=NOC(COCc3cn(Cc4cc(c5ccc(C)cc5)cnc4N4CCOCC4)nn3)C2)cc(OC)c1OC,-6.76496574054339,0
CCR2-decoy_784,CCCCCn1nnc2c(=O)oc3ccccc3c21,-6.74331071539852,0
CCR2-decoy_567,CCc1c(C)sc2ncnc(SCC(=O)[O-])c12,-6.72500269785324,0
CCR2-decoy_367,CC(C)CN1C[C@@H]([C@H](O)[C@H](CC2CCCCC2)NC(=O)[C@H](Cc2c[nH]cn2)NC(=O)[C@H](Cc2ccccc2)NC(=O)OC(C)(C)C)OC1=O,-6.70690582684404,0
CCR2-decoy_725,COc1ccc2c(Cc3c(Cl)cncc3Cl)nnc(N3CCCC3)c2c1,-6.70634976535987,0
CCR2-decoy_145,O=C(CN(/N=C/c1ccccc1Cl)C(=O)c1ccncc1)N1CCN(c2ccccc2)CC1,-6.69336963479929,0
CCR2-decoy_759,Oc1ccc2nc(c3ccc(NCCF)nc3)oc2c1,-6.68482426115499,0
CCR2-decoy_233,CC(C)c1nc(CN(C)C(=O)NC(C(=O)N[C@@H](Cc2ccccc2)C[C@H](O)[C@H](Cc2ccccc2)NC(=O)OCc2ccno2)C(C)C)co1,-6.68088723000055,0
CCR2-decoy_106,CCOC[C@H]1O[C@@H](n2c(Cl)nc3cc(Cl)c(Cl)cc32)[C@H](OC(C)=O)[C@@H]1OC(C)=O,-6.67515532680061,0
CCR2-decoy_600,O=C(c1csc(N2CCCCC2)n1)N1CCCC1,-6.67419896596971,0
CCR2-decoy_288,C=CC[C@@H](CC(=O)N[C@@H](CO)Cc1ccccc1)C(=O)NC[C@@H](OC(=O)[C@@H](CC=C)CC(=O)OC(C)(C)C)c1ccccc1,-6.66563151563362,0
CCR2-decoy_40,CCCc1cc(OC(F)(F)F)cc2c1OC(C(F)(F)F)C(C(=O)[O-])=C2,-6.66372643945355,0
CCR2-decoy_219,CCOC(=O)NCc1cccc(CC(=O)Nc2ccc(CCCCc3nnc(NC(=O)Cc4cccc(CNC(=O)OCC)c4)s3)nn2)c1,-6.65670158203348,0
CCR2-decoy_56,CC(C)C(=O)OC[C@H]1O[C@@H](n2cnc3c(N)ncnc32)[C@@H](O)[C@@H]1OC(=O)C(C)C,-6.6506774584556,0
CCR2-decoy_776,Cc1cc(C(=O)C(C)C)c(O)c(Br)c1O,-6.64737335509925,0
CCR2-decoy_618,O=c1cc(N2CCOCC2)oc2c1cccc2c1ccccc1,-6.64012628121343,0
CCR2-decoy_601,COc1cccc(n2c(C)c(C(C)=O)c(C(C)=O)c2C)c1,-6.63544943016855,0
CCR2-decoy_278,C=CCOC1C[C@H](OCc2ccccc2)C[C@@H](/C=C/c2c(C(C)C)nc(N(C)S(C)(=O)=O)nc2c2ccc(F)cc2)O1,-6.60543539688951,0
ASD10910008,O=C(NCCOCCOCCn1ccnn1)c1ccc(Oc2ncc(Cl)cc2NS(=O)(=O)c2ccc(Cl)c(C(F)(F)F)c2)cc1,-6.60456212428241,1
CCR2-decoy_792,COc1c(=O)c2cc(O)ccc2oc1c1ccc(O)cc1,-6.59193619072521,0
CCR2-decoy_36,CC1(OC(=O)c2ccccc2)COC2=C(Cl)C(=O)C(=O)c3cccc1c32,-6.57367048050368,0
CCR2-decoy_20,Cc1c(C(=O)[O-])cnn1Cc1nc(c2cccc(C(F)(F)F)c2)cs1,-6.5733047002926,0
CCR2-decoy_652,CSc1nc(N)nc(c2cccs2)c1C#N,-6.57228736277266,0
CCR2-decoy_592,COc1ncnc2c1ncn2[C@@H]1C[C@H]2CC[C@@H]1C2,-6.5706770920419,0
CCR2-decoy_26,CC(C)(Sc1nc2cc(Br)ccc2s1)C(=O)[O-],-6.56686248119715,0
CCR2-decoy_629,ClCc1nn(c2ccccc2)c(CCl)c1CCl,-6.55183393075649,0
CCR2-decoy_795,COc1ccc(c2cc(=O)oc3c(O)c(O)ccc32)cc1,-6.53685997663078,0
CCR2-decoy_486,COn1c(NC(C)c2ccc(C(F)(F)F)cc2)nc2c(c1=O)CN(C(=O)c1cc(c3cccs3)n(C)n1)CC2,-6.52787262308718,0
CCR2-decoy_695,C=CCn1c2ccccc2c2nnc(S)nc21,-6.52643080887132,0
CCR2-decoy_794,Cc1cc(C)n(c2nc(c3ccccc3)cc(=O)n2C)n1,-6.50622002956632,0
CCR2-decoy_797,Cc1ccn2c(C(=O)c3sc(N)nc3C)cnc2c1,-6.50602633344685,0
CCR2-decoy_655,CC(C)c1nccn1CC(=O)c1ccccc1,-6.50446104220126,0
CCR2-decoy_688,CC1(C)CC2C=C(C=O)C3(C=O)CC3(C)C2C1,-6.50218005254669,0
CCR2-decoy_591,CC[C@H]1COCCN1C(=O)c1ncc(F)cc1F,-6.4972243110973,0
CCR2-decoy_628,Clc1ccccc1c1nc2ccccc2c(n2ccnc2)n1,-6.49283496370466,0
CCR2-decoy_541,O=C(NS(=O)(=O)c1cccs1)c1cccc(CN2CCCCN(Cc3ccc4ccccc4c3)S2(=O)=O)c1,-6.49220405948793,0
CCR2-decoy_461,Cc1ccc(n2nc(C3CCN([S+]([O-])c4c(Cl)cccc4Cl)CC3)cc2NC(=O)c2cnn3cccnc23)cc1,-6.47761246829183,0
CCR2-decoy_555,O=C1C(=O)c2ccccc2C([O-])=C1CCCCl,-6.46415267057885,0
CCR2-decoy_159,COc1cc([C@H]2c3c(cc(OC)c(OC)c3OC)C(=O)[C@@H]3COC[C@H]32)cc(OC)c1OC,-6.45980414670326,0
CCR2-decoy_78,O=c1[nH]c(NC2CCCC2)nc(N[C@@H]2C[C@H](CO)[C@@H](O)[C@H]2O)c1c1nc2ccccc2s1,-6.45922132576671,0
ASD10910013,O=S(=O)(Nc1cncc(Cl)c1)c1ccc(Cl)c(C(F)(F)F)c1,-6.45688087851183,1
CCR2-decoy_701,CCP(=O)(OC)c1ccc2nc(c3cnc4ccccc4c3)oc2c1,-6.44903831699863,0
CCR2-decoy_306,CC(C)CC(NC(=O)[C@@H](Cc1c(Br)[nH]c2ccccc12)NC(=O)C(CC(C)C)NC(=O)N1[C@@H](C)CCC[C@H]1C)C(=O)[O-],-6.43425230247727,0
CCR2-decoy_560,C=C(Cn1ccccc1=O)C(=O)c1ccsc1,-6.4318918610858,0
CCR2-decoy_583,N#Cc1ccc(c2cn(c3cccnc3)nn2)cc1,-6.42882058705152,0
CCR2-decoy_615,CCOCC(=O)N(C)c1cccc2c3c(n(C)c12)CCCCC3,-6.42619735348071,0
CCR2-decoy_668,Cc1ccc(COC(=O)n2cc(C)cn2)cc1,-6.41578036230703,0
CCR2-decoy_270,CCOC(=O)[C@@H](NP(=O)(OC[C@H]1O[C@@H](n2cc(/C=C/Br)c(=O)[nH]c2=O)C[C@@H]1O)Oc1cccc2ccccc12)C(C)C,-6.41373213325375,0
CCR2-decoy_305,CC(C)(C)OC(=O)N[C@@H](Cc1ccc(O)cc1)C(=O)N[C@H](Cc1cn(C=O)c2ccccc12)C(=O)N[C@@H](Cc1ccccc1)C(=O)OCc1ccccc1,-6.41044409785117,0
CCR2-decoy_130,Cc1cc(F)c(F)cc1c1ccc(OCc2cccc(CN3[C@H](C(=O)[O-])CCS3(=O)=O)c2)cc1,-6.40533519299128,0
CCR2-decoy_676,Cc1ccc2c(c1C=O)[C@@](C)(C=O)CC2(C)C,-6.39974743309458,0
CCR2-decoy_651,CC(O)(C(=O)Nc1ccccc1F)C(F)(F)F,-6.39863294921387,0
CCR2-decoy_400,OCCOCC[NH2+]Cc1cccc(C#Cc2cc3ncnc(Nc4ccc(OCc5cccc(F)c5)c(Cl)c4)c3s2)n1,-6.39799262950426,0
CCR2-decoy_719,CO[C@H]1c2cc(C(C)C)c(O)c(O)c2[C@@]23CCCC(C)(C)[C@@H]2[C@@H]1OC3=O,-6.39262030990514,0
CCR2-decoy_45,Clc1ncccc1c1nnn(c2ccccc2Br)n1,-6.39020840217045,0
CCR2-decoy_67,CCOc1cc(/C=N/NC2=[NH+]C(=O)C(CC(=O)[O-])S2)ccc1OCc1ccc(Cl)cc1,-6.38912864026682,0
CCR2-decoy_239,CC(C)C[C@H](NC(=O)OCc1ccccc1)C(=O)N[C@@H](CC(C)C)C(=O)N[C@@H](CC(C)C)C(O)C(=O)N1CCc2ccccc2C1,-6.37789702094348,0
CCR2-decoy_318,C=C[C@@H]1C[C@]1(NC(=O)[C@@H]1CN(c2ccc(c3cccc(OC)c3)cc2)CN1C(=O)[C@@H](NC(=O)OC1CCCC1)C(C)(C)C)C(=O)NS(=O)(=O)C1CC1,-6.3765481563598,0
CCR2-decoy_14,CCn1c(S)nnc1c1cc2c(C(F)(F)F)nn(C)c2s1,-6.37320646334819,0
CCR2-decoy_768,O=[N+]([O-])C1(Br)COC(c2ccccc2)OC1,-6.36629135445915,0
CCR2-decoy_593,COc1cccc(n2nc(C#N)c(Cl)cc2=O)c1,-6.36394735313675,0
CCR2-decoy_52,O=C(COC(=O)CNC(=O)c1cccc([N+](=O)[O-])c1)Nc1nc2ccccc2s1,-6.36349726591793,0
CCR2-decoy_620,Oc1ccc2nc(c3ccc(NCCF)nc3)sc2c1,-6.36050382312607,0
CCR2-decoy_9,CCN1C(=O)N(c2ncc(C#Cc3cccc(F)c3)cn2)CC1(C)C,-6.34942904578797,0
CCR2-decoy_66,O[C@@H]1[C@@H](CO/C(S)=N/C2CCC2)OC(n2cnc3c(NC4CCOC4)ncnc32)[C@@H]1O,-6.34897294275913,0
ASD10910002,CC(=O)C1=C(O)C(=O)N(c2ccc(Cl)cc2F)C1C1CCCCC1,-6.34824806836863,1
CCR2-decoy_385,CC(C)CC(NC(=O)[C@H](Cc1ccccc1)C[C@H](O)[C@H](Cc1ccccc1)NC(=O)OC(C)(C)C)C(=O)NCCc1ccccc1,-6.34615370801776,0
CCR2-decoy_764,COc1ccc2c(c1)O[C@H](c1ccc(O)c(O)c1)CC2=O,-6.34505121880558,0
CCR2-decoy_641,CC(C)N1C(=O)COc2ccc(c3cnc4ccccc4c3)cc21,-6.34277463665646,0
CCR2-decoy_790,COc1cc(C=O)ccc1OC(=O)c1cccnc1,-6.34093428108393,0
CCR2-decoy_272,CC1(C)C2CC1[C@]1(C)OB(C(CCC/C(S)=N/N)NC(=O)[C@@H]3CCCN3C(=O)[C@H](Cc3ccccc3)NC(=O)OCc3ccccc3)O[C@@H]1C2,-6.34053633950366,0
CCR2-decoy_146,CCOC(=O)N1C[C@H](C(=O)[O-])[C@H](c2cccc(OCCc3nc(c4ccccc4)oc3C)c2)C1,-6.33973047565497,0
CCR2-decoy_665,c1ccc(CCc2nc(c3ccccn3)no2)cc1,-6.33084467251988,0
CCR2-decoy_749,O=C(Nc1cc(Br)ccc1O)c1noc2c1CCc1ccccc1-2,-6.32144409578598,0
CCR2-decoy_498,CCCCc1c(C)nc2nc(SCc3nc4c(c(=O)[nH]c(=O)n4Cc4ccc(Cl)cc4)n3CC)nn2c1C,-6.31811454079126,0
CCR2-decoy_190,CC(C(=O)[O-])c1ccc(CSc2nc(SCc3ccccc3F)[nH]c(=O)n2)cc1,-6.31577131204209,0
CCR2-decoy_361,CC(C)C[C@]1(NC(=O)[C@@H](NC(=O)[C@H](Cc2ccccc2)NC(=O)Cc2cccc(Oc3ccccc3)c2)C(C)C)CNC1=O,-6.31563702370904,0
CCR2-decoy_350,C=CCCNc1nc(NCc2ccc(c3ccccc3)cc2)nc(N2CCC[C@@H]2CNS(=O)(=O)c2ccc(C(F)(F)F)cc2)n1,-6.30420893246169,0
CCR2-decoy_158,COc1ccc(C(=O)/C=C/c2ccc(/C=C3/SC(=S)N(CC(=O)[O-])C3=O)cc2)cc1,-6.29980591880414,0
CCR2-decoy_692,C[C@@H]1CC(=O)CC[C@@H]1OCc1ccccc1,-6.29882289429124,0
CCR2-decoy_603,Cc1cccc(Cn2nc(C)n3c(cc4cc(C)ccc43)c2=O)c1,-6.29009948403722,0
CCR2-decoy_282,CS(=O)(=O)N(c1ccc(F)cc1)c1cc(C(=O)N[C@@H](Cc2ccccc2)[C@H](O)C[NH2+]Cc2cccc(C(F)(F)F)c2)cc(N2CCCC2=O)c1,-6.27163800971078,0
CCR2-decoy_686,CCNC(=O)Nc1nc2c(s1)CCCC2,-6.27134033232402,0
CCR2-decoy_566,CCn1nc(n2ccnc2)c2ccccc2c1=O,-6.27123206462414,0
CCR2-decoy_76,CNc1ncnc2ccc(C#CCNC(=O)c3cccn([C@H](CO)c4ccccc4)c3=O)cc12,-6.26567824487034,0
CCR2-decoy_572,CC(C)Cn1c(S(=O)(=O)[O-])nc2ccccc21,-6.26329229642831,0
CCR2-decoy_48,COc1ccc(C)cc1S(=O)(=O)N1CCN(c2ccccc2)CC1,-6.25412684401119,0
CCR2-decoy_693,NC(=S)c1cccc(c2ccccn2)c1,-6.253488974123,0
CCR2-decoy_122,COc1cc(F)c(F)cc1c1ccc(OCc2cccc(CN3[C@@H](C(=O)[O-])CCS3(=O)=O)c2)cc1,-6.24289387977821,0
CCR2-decoy_535,O=C(Cc1cc(Br)cc(Br)c1OC(=O)c1ccccc1)Nc1ccccc1[N+](=O)[O-],-6.23661249596233,0
CCR2-decoy_800,CN(Cc1ccco1)c1ncncc1c1ccoc1,-6.22178934144689,0
CCR2-decoy_705,COc1ccc(c2csc(n3ncc(c4cccs4)c3N)n2)cc1,-6.20945929322595,0
CCR2-decoy_64,O=C([O-])c1ccc(Oc2nccc(c3c(c4ccc(F)cc4)ncn3C3CC[NH2+]CC3)n2)cc1,-6.20416513750939,0
CCR2-decoy_796,S=C(NCc1ccccc1)N/N=C/c1cccs1,-6.19732960452772,0
CCR2-decoy_51,COc1cc(c2ccccc2OC)c(O[C@@H]2O[C@H](CO)[C@@H](O)[C@H](O)[C@H]2O)c(OC)c1O,-6.18915366491743,0
CCR2-decoy_277,CCOC(=O)/C=C1\NC(=O)[C@@H]1[C@@H](C)OC(=O)c1cc(OCc2ccccc2)c(OCc2ccccc2)c(OCc2ccccc2)c1,-6.1791533496925,0
CCR2-decoy_559,Cc1cc(CN2C(=O)c3ccccc3C2=O)no1,-6.17534298429254,0
CCR2-decoy_757,COc1cccc(n2nc3c(S)nnc(C)c3c2C)c1,-6.16256060977728,0
CCR2-decoy_47,Clc1ncn(c2csc(N3CCOCC3)n2)c1Br,-6.15100456417185,0
CCR2-decoy_95,Nc1nc(NCCc2cccc(Cl)c2)c2ncn(C3O[C@H](CO)[C@@H](O)[C@H]3O)c2n1,-6.14617409134344,0
CCR2-decoy_268,CCOC(=O)/C=C/[C@H](CCC(=O)NC(c1ccccc1)(c1ccccc1)c1ccccc1)NC(=O)[C@@H](NC(=O)OC(C)(C)C)c1ccccc1,-6.14300082091505,0
CCR2-decoy_222,CC(C)C[C@H](NC(=O)N1CCC(C(=O)Nc2ccc(Cl)cc2)CC1)C(=O)N[C@@H](Cc1ccccc1)C(=O)N[C@@H](CC(C)C)C(=O)[C@@]1(C)CO1,-6.1347430522432,0
CCR2-decoy_387,C[C@@H]1CO[C@H]([C@H](O)[C@H](CC2CCCCC2)NC(=O)[C@H](Cc2c[nH]cn2)NC(=O)[C@H](Cc2ccccc2)NC(=O)OC(C)(C)C)C1,-6.11566054500545,0
CCR2-decoy_364,CC(C)C[C@H](NC(=O)[C@H](Cc1ccccc1)NC(=O)C[C@@H](NC(=O)c1ccc2ccccc2c1)c1ccccc1)C(=O)[C@@]1(C)CO1,-6.1141462426438,0
CCR2-decoy_604,Cc1nc2ccccc2n1Cc1ccccc1Br,-6.11118758417712,0
CCR2-decoy_690,O=C(/C=C/c1ccc2c(c1)OCO2)c1ccco1,-6.08987759336086,0
CCR2-decoy_549,C[C@@H](n1cnc2cc(c3ccc(Cl)cc3)sc2c1=O)[C@](O)(Cn1cncn1)c1ccc(F)cc1F,-6.08856879715244,0
CCR2-decoy_564,CCc1nnc(S)n1/N=C/c1ccccn1,-6.08788870908817,0
CCR2-decoy_575,CCn1cnc2c(cnn2c2ccccc2)c1=O,-6.08266918788435,0
CCR2-decoy_153,Cn1nc(C(F)(F)F)c(c2cccc(C(F)(F)F)c2)c1NC(=O)CSCC(=O)[O-],-6.08103086212958,0
CCR2-decoy_633,OCc1sc(Nc2ccccc2)nc1c1ccncc1,-6.07819486821411,0
CCR2-decoy_694,Cc1cc(Nc2ccccc2O)nc(C)n1,-6.07703017393142,0
CCR2-decoy_34,COc1ccc2c(CS(=O)(=O)c3ccc(C)cc3)cc(=O)oc2c1,-6.0759199648436,0
CCR2-decoy_88,COc1ccc(c2ccc3c(c2)CN(CC[C@](C)(C(=O)NO)S(C)(=O)=O)C3=O)c(F)c1,-6.07468244477363,0
CCR2-decoy_315,CCCCC(NC(=O)[C@@H](Cc1c(Br)[nH]c2ccccc12)NC(=O)C(CC(C)C)NC(=O)N1[C@@H](C)CCC[C@H]1C)C(=O)[O-],-6.07107627881395,0
CCR2-decoy_41,COc1cccc(C2=NN(S(C)(=O)=O)C(c3cccs3)C2)c1,-6.06076904191232,0
CCR2-decoy_197,Cc1cccc(Oc2c(/C=C3\SC(=S)N(CC(=O)[O-])C3=O)c(C)nn2c2ccccc2)c1,-6.04992792963902,0
CCR2-decoy_640,O=CNc1ccccc1C(=O)Nc1cccc(C(F)(F)F)c1,-6.04096909910678,0
CCR2-decoy_780,CC(C)(CO)NC(=O)/C=C/c1ccc(Cl)cc1,-6.03720665566379,0
CCR2-decoy_73,C[C@@H](O)[C@@H](C)Nc1nc(Nc2ccc([S+](N)[O-])cc2)ncc1Br,-6.03542788924588,0
CCR2-decoy_155,O=c1n(Cc2nc3ccccc3n2CCCS(=O)(=O)C2CC2)c2cnccc2n1C1CC1,-6.03530877918563,0
CCR2-decoy_216,COc1ccc(C[C@H](NC(=O)[C@H](Cc2ccccc2)N=[N+]=[N-])C(=O)N[C@@H](Cc2ccccc2)C(=O)N[C@@H](CC(C)C)C(=O)[C@@]2(C)CO2)cc1,-6.03240991898207,0
CCR2-decoy_771,COc1ccc2oc(C)c(C(=O)Cn3ccnc3)c2c1,-6.03155439510049,0
CCR2-decoy_660,c1ccc(c2csc(c3ncccn3)n2)nc1,-6.02716482881974,0
CCR2-decoy_773,COC(=O)c1ccc(Cn2nc(C)cc2C)c(OC)c1,-6.02300068351509,0
CCR2-decoy_674,N#Cc1cccc(C#N)c1Oc1ccc(N)cc1,-6.00858230691389,0
CCR2-decoy_323,CC(C)C(NC(=O)OCc1cccc(C(C)(C)C)n1)C(=O)N[C@@H](Cc1ccccc1)[C@@H](O)C[C@H](Cc1ccccc1)NC(=O)OCc1cccnc1,-6.00427702549957,0
CCR2-decoy_116,COC(=O)C1=CN(Cc2ccc(C)cc2)C=C(C(=O)OC)C1c1cc(OC)c(OC)c(OC)c1,-6.00102846626593,0
CCR2-decoy_86,COc1cccc(/C=C/C(=O)O[C@H]2[C@H](O)[C@@H](CO)O[C@H]3OC[C@@H](c4ccccc4)O[C@H]23)c1,-5.99666662710482,0
CCR2-decoy_638,CN(CCF)c1ccc(c2cc3ccccc3n2C)cc1,-5.99594646158231,0
CCR2-decoy_645,CCN(CC)c1ccc(/N=C2/C=CC(=O)c3ncccc32)c(C)c1,-5.9792670899264,0
CCR2-decoy_621,C[C@H]1CNC(=O)c2c(SCC3CC3)sc(c3cc[nH]n3)c21,-5.97835699676084,0
CCR2-decoy_698,CCNc1nc(NC(C)C)c2ccccc2n1,-5.97679141116455,0
CCR2-decoy_210,CCCC(CCC)C(=O)Nc1ccn([C@@H]2O[C@H](CO[P@@](=O)(N[C@@H](C)C(=O)OC(C)C)Oc3ccccc3)[C@@H](O)[C@@]2(C)F)c(=O)n1,-5.95747294259961,0
CCR2-decoy_675,Cc1nn(c2ccccc2)c(C)c1C(=O)N(C)C,-5.95694793379732,0
CCR2-decoy_775,CCOC(=O)Cn1c2ccccc2nc1c1ccccn1,-5.94317238441497,0
CCR2-decoy_331,CC(C)COC(=O)CCC(NC(=O)c1cc(Cl)c(N(C)Cc2cnc3nc(N)nc(N)c3n2)c(Cl)c1)C(=O)OCC(C)C,-5.9413816272423,0
CCR2-decoy_380,O=c1cc(c2ccccc2)oc2cc(OCCOCc3cn(CCOc4cccc5c(=O)cc(c6ccccc6)oc45)nn3)ccc12,-5.93988741053081,0
CCR2-decoy_602,CC(=O)Nc1ccc(c2nc3c(O)cccc3s2)cc1Cl,-5.93739733805819,0
CCR2-decoy_42,O=C([O-])CCc1ccc(C#Cc2cccc(OC(F)(F)F)c2)cc1,-5.93279868419487,0
CCR2-decoy_777,CCc1c(C)c2ccc(OCC(=O)OC)cc2oc1=O,-5.93187726877567,0
CCR2-decoy_580,C/C(=C\c1ccc(Cc2cccnc2)cc1)C(=O)[O-],-5.92876439255365,0
CCR2-decoy_149,COc1ccccc1N1CCN(C(=O)c2cccc(C(=O)N3CCN(c4ccccc4OC)CC3)c2)CC1,-5.92795261542204,0
CCR2-decoy_588,C#CCSc1nncn1c1ccc(C)cc1,-5.92742028772607,0
CCR2-decoy_260,CC(C)CN([C@H](CO)CCCCNC(=O)CN(Cc1ccccc1[N+](=O)[O-])c1ccccc1)S(=O)(=O)c1ccc(N)cc1,-5.92690438940857,0
CCR2-decoy_537,O=c1n(Cc2nc(c3ccccc3C(F)(F)F)no2)nc(c2ccc(Cl)cc2)n1C[C@H](O)C(F)(F)F,-5.92127858570454,0
CCR2-decoy_91,C=C1C(=O)O[C@H]2[C@H]3[C@@H](C=O)CC[C@@H](O)[C@]3(C)C[C@H](OC(=O)/C(=C/COC(C)=O)CO)[C@@H]12,-5.90996794044432,0
CCR2-decoy_631,OCc1csc(c2ccc(c3ccc(CO)s3)s2)c1,-5.90778741896888,0
CCR2-decoy_760,COC(=O)CSc1nnc(C)n1c1ccc(C)cc1,-5.89422115410365,0
CCR2-decoy_682,COc1cc2c(C)nc(C)c(C#N)c2cc1OC,-5.88877540586772,0
CCR2-decoy_691,Cc1c(C)c2c(c(C)c1O)CCC(C)(CCO)O2,-5.88201389012389,0
CCR2-decoy_721,CCCc1nc2c(C(F)(F)F)cccc2c(O)c1C(=O)Nc1nccs1,-5.88069856524939,0
CCR2-decoy_83,CCCCC[C@@H](O)C#Cc1nc(NCC)c2ncn([C@@H]3O[C@H](C(=O)NCC)[C@@H](O)[C@H]3O)c2n1,-5.87934914118319,0
CCR2-decoy_596,Brc1ccc(Cn2ccnc2)cn1,-5.87304376754697,0
CCR2-decoy_226,Cn1c(Cc2nn(C)c(=O)c3ccccc23)nnc1S(=O)(=O)CCCCCCCC(=O)Nc1ccc(Br)cc1Br,-5.8684327229927,0
CCR2-decoy_17,CC(C)(C)n1nc(Cc2ccc3c(c2)OCO3)c2ccccc2c1=O,-5.86741080439451,0
CCR2-decoy_144,Cc1cn(c2ccc3n(c2=O)CCN(CCOc2ccc(F)cc2C(C)(C)C(F)(F)F)C3=O)cn1,-5.86671456156118,0
CCR2-decoy_785,COC1=CC(=O)O[C@@H](CCc2ccc3c(c2)OCO3)C1,-5.86221279852604,0
CCR2-decoy_6,CCOC(=O)C(C)n1nc(c2ccc(Br)cc2)ccc1=O,-5.854100407166,0
CCR2-decoy_646,Cc1ccc(c2cc(c3ccc(C)o3)nc(N)c2C#N)cc1,-5.84268473626332,0
CCR2-decoy_29,CSc1ccc(Cl)c(C(=O)OCC(=O)N2CC(C)OC(C)C2)c1,-5.83220631015351,0
CCR2-decoy_53,COc1cc(C[NH2+]CC[NH+](C)C)ccc1c1cc2c(N[C@H](C)c3ccccc3)ncnc2[nH]1,-5.83051383249671,0
CCR2-decoy_788,CC(=O)c1cccc(n2nc(C(C)=O)c(C(C)=O)c2C)c1,-5.82938955410524,0
CCR2-decoy_2,Cc1c(Cl)cccc1N(CC(=O)N1CCCCCC1)S(C)(=O)=O,-5.81616467422049,0
CCR2-decoy_15,Cc1cnn(CCC(=O)N2CCCC(c3nc(C)c(C)s3)C2)c1,-5.8156882194784,0
CCR2-decoy_117,CC(C)Cc1cc(COc2ccc(N3CCCN(C(C)C(=O)[O-])C3=O)cc2)c2ccccc2n1,-5.81317188131732,0
CCR2-decoy_321,Cc1ccc(S(=O)(=O)N2CC2CO[C@@H]2O[C@@H]3CO[C@H](c4ccccc4)O[C@@H]3[C@H](OCc3ccccc3)[C@H]2OCc2ccccc2)cc1,-5.79465584990408,0
CCR2-decoy_568,Cc1nc(C(=O)OCCn2cccn2)cs1,-5.79201626088801,0
CCR2-decoy_135,CCc1ccc(C(=O)CSc2nc3cc(S(=O)(=O)N4CCOCC4)ccc3n2CC)cc1,-5.78844007132519,0
CCR2-decoy_766,Cn1nccc1/C=C1\CCC/C(=C\c2ccnn2C)C1=O,-5.78503437124181,0
CCR2-decoy_417,COc1cc(CSc2nc(Cc3ccc(OC)c(OC)c3)c(I)c(=O)[nH]2)cc(OC)c1,-5.7833190724255,0
CCR2-decoy_738,O=C(COC(=O)c1ccc2ccccc2c1)c1cc2c3c(c1)CC(=O)N3CCC2,-5.77968619234755,0
CCR2-decoy_622,O=C(Cc1c[nH]c2ccccc12)Nc1ncc(C2CCC2)s1,-5.77273152654443,0
CCR2-decoy_178,CCn1c(SCC(=O)N2CCN(c3ccccc3F)CC2)nnc1c1ccoc1C,-5.77016776899206,0
CCR2-decoy_630,COc1ccc2cc(Cn3ccnc3)n(c3ccc(F)cc3)c2c1,-5.77007733455679,0
CCR2-decoy_358,Cc1ccccc1OS(=O)(=O)C1CC2OC1C(c1ccc(NC(=O)CCCCCCC(=O)NO)cc1)=C2c1ccc(O)cc1,-5.76470260353477,0
CCR2-decoy_740,CC(C)CC1C2=C(Oc3cc(O)cc(O)c31)C(C)(C)C(=O)C(C)(C)C2=O,-5.75771394578427,0
CCR2-decoy_62,O=c1ccn(COCCCS(=O)(=O)NC(c2ccc(F)cc2)c2ccc(F)cc2)c(=O)[nH]1,-5.74829342332026,0
CCR2-decoy_376,CCCCCCCCCCCC(=O)Nc1nnc(S[C@@H]2O[C@H](COC(C)=O)[C@H](OC(C)=O)[C@H](OC(C)=O)[C@H]2OC(C)=O)s1,-5.74077292873048,0
CCR2-decoy_714,CCOC(=O)Cc1c(C)nc2c(c3ccc(Cl)cc3)c(C)nn2c1C,-5.7358268751792,0
CCR2-decoy_314,CC(C)C(NC(=O)OCc1cnco1)C(=O)N[C@@H](Cc1ccccc1)C[C@H](O)[C@H](Cc1ccccc1)NC(=O)OCc1cccnc1,-5.7331866522176,0
CCR2-decoy_261,COc1ccc(C2=C(c3ccc(OC)c(OC)c3)C(=O)N(CC(=O)c3ccc(OCc4ccccc4)c(OC)c3)C2=O)cc1OC,-5.71505806191849,0
CCR2-decoy_22,CCOC(=O)CCn1c2c(=O)ssc2c2ssc(=O)c21,-5.71439844033544,0
CCR2-decoy_283,CC(C)(C)NC(=O)Cc1cccc(CC(=O)Nc2ccc(CCCCc3nnc(NC(=O)Cc4ccccc4)s3)nn2)c1,-5.71423975721886,0
CCR2-decoy_174,CCn1c(CSc2ncccn2)nnc1SCC(=O)N1c2ccccc2CC1C,-5.71288766757915,0
CCR2-decoy_439,CC(=O)N1CCN(C(=O)c2cc(Sc3cnc(NC(=O)c4ccc(N(C)C)cc4)s3)cc(C)c2C)CC1,-5.70692183692559,0
CCR2-decoy_23,O=C(OCC(=O)N1CCN(c2ccccc2)CC1)c1cccc(Cl)c1,-5.70319090515918,0
CCR2-decoy_332,CCOC(=O)CNC(=O)C(=O)C(COCc1ccccc1)NC(=O)[C@H](CC1CCCCC1)NC(=O)Cc1cccc2ccccc12,-5.69873166125857,0
CCR2-decoy_82,COC(=O)CNC(=O)[C@H](CCCN1C(=O)C=CC1=O)NC(=O)OCc1ccccc1,-5.68962409511866,0
CCR2-decoy_547,COc1ccc(C(=O)/C=C\Nc2ccc(c3nc4cc(OC)c(OC)c(OC)c4s3)cc2C)cc1[N+](=O)[O-],-5.68615029490076,0
CCR2-decoy_789,Cc1c2c(c(C)n1C1CC1)C(C)(C(N)=O)CC2(C)C,-5.68418672391359,0
CCR2-decoy_418,Cc1cnc(c2ccnc(C(C)(C)O)n2)cc1n1c(C)cc(OCc2ccc(F)cc2F)c(Cl)c1=O,-5.67030148968657,0
CCR2-decoy_667,C=Cc1c(C2CCCCC2)nn(C)c(=O)c1N,-5.65700964862911,0
CCR2-decoy_423,CCCCc1nc2ccn(C(C(=O)N(C)C)c3ccccc3)c(=O)c2n1Cc1ccc(c2ccccc2C2=NNN=N2)cc1,-5.65685818906867,0
CCR2-decoy_553,N#Cc1ccccc1CSc1nnnn1C1CC1,-5.65678243528395,0
CCR2-decoy_642,COC(=O)c1occc1/C=C/C(=O)c1ccc2c(c1)CCC2,-5.6475484044854,0
CCR2-decoy_313,COCC(=O)[C@H](C)C[C@H](C)/C=C\C=C\C=C(/C)[C@H](C[C@@H]1CC[C@@H](C)[C@](O)(C(=O)C(=O)N2CCCC[C@H]2C(=O)OCc2ccccc2)O1)OC,-5.63871496183744,0
CCR2-decoy_737,O=c1cnnc2n1-c1ccc(Oc3c(Cl)cccc3Cl)cc1CC2,-5.63263126493543,0
CCR2-decoy_707,C[C@@H]1CC[C@H]2[C@H](CCCc3ccccc3)C(=O)O[C@@H]3O[C@@]4(C)CCC1[C@]32OO4,-5.62912789860305,0
CCR2-decoy_124,C[C@@H]1C(C(F)(F)F)=NN(c2ccc(OC3CCN(c4ccccn4)CC3)cc2)[C@H]1CC(=O)[O-],-5.62282734011779,0
CCR2-decoy_452,CC(C)(C)OC(=O)N[C@@H](Cc1ccccc1)[C@@H](O)C[C@@H](Cc1ccc(O)cc1)C(=O)NC1c2ccccc2C[C@@H]1O,-5.60092967805894,0
CCR2-decoy_27,O=C(OCc1ccccc1)[C@@H]1COC(c2ccc(Br)nc2)=N1,-5.59806115657142,0
CCR2-decoy_708,COc1cc2c(c(O)c1CC=C(C)C)C(=O)[C@H](c1ccc(O)cc1)CO2,-5.57575660711023,0
CCR2-decoy_170,Cc1cc(OCC2(C(=O)[O-])CC2)ncc1c1ccc(c2ncc(C(F)(F)F)[nH]2)c(F)c1,-5.56632681108995,0
CCR2-decoy_726,C#CCCn1c(Sc2ccc(Cl)cc2Cl)nc2c(N)ncnc21,-5.55818972890488,0
CCR2-decoy_72,Cc1cnc(NCCc2ccccc2)c(=O)n1CC(=O)NCc1ccn2ccnc2c1,-5.55630271701386,0
CCR2-decoy_582,Clc1cccc(n2cnnn2)c1N1CCCC1,-5.55319189405386,0
CCR2-decoy_587,CC(=O)Cn1nc(C)c(Br)c1C,-5.53403445058346,0
CCR2-decoy_518,Cc1nc(C)c(S(=O)(=O)NCc2cnc(Oc3ccc4c(c3)CCC(c3ccccc3)O4)s2)s1,-5.52962835071344,0
CCR2-decoy_786,COc1ccc2nc(SC)c3c(C)ncn3c2n1,-5.51867177298673,0
CCR2-decoy_206,Cc1cncc(CN(C)C(=O)NC(C(=O)N[C@@H](Cc2ccccc2)[C@@H](O)C[C@H](Cc2ccccc2)NC(=O)OCc2cccnc2)C(C)C)c1,-5.51445359837698,0
CCR2-decoy_230,COc1ccc(S(=O)(=O)N(CC(C)C)C[C@@H](O)[C@H](Cc2ccccc2)NC(=O)c2ccc3c(c2)[C@H](NC(=O)OC(C)(C)C)CCS3(=O)=O)cc1,-5.51316889252071,0
CCR2-decoy_217,CCOC(=O)C1=C(C)NC(=S)NC1c1ccc(OCCCOc2ccc(C3NC(=S)NC(C)=C3C(=O)OCC)cc2OC)c(OC)c1,-5.50419937445696,0
CCR2-decoy_765,OCc1nc2cnc3[nH]ccc3c2n1C1CCCCC1,-5.5027261737033,0
CCR2-decoy_577,CC(C)N1CCc2c(C3CC3)nc3ncnn3c21,-5.5012135996988,0
CCR2-decoy_470,CO[C@@H]1C[C@@H](/C(S)=N/CCc2ccccn2)N(C(=O)NCc2ccc(C(=O)N3CCCCc4sccc43)cc2Cl)C1,-5.48019074833386,0
CCR2-decoy_610,Oc1ccc(/C=C/c2cc(/C=C/c3ccc(O)cc3)ncn2)cc1,-5.47525607416579,0
CCR2-decoy_609,COc1ccc(C(=O)/C=C/c2ccc3c(c2)OCO3)cc1,-5.46128061882294,0
CCR2-decoy_557,COc1ccnc(N(C)Cc2csc(C)n2)n1,-5.45622715695092,0
CCR2-decoy_718,Cc1cccc(n2nc(C)c3c(N4CCOCC4)nc4ccccc4c32)c1,-5.45621997866438,0
CCR2-decoy_558,COC(=O)CCCn1sc(Cl)cc1=O,-5.44707326728976,0
CCR2-decoy_68,CCCCOC1=C(NNC(=O)[C@H](CC(C)C)NC(=O)N2CCOCC2)C(=O)C1=O,-5.44637376276351,0
ASD10910015,O=S(=O)(Nc1cncc(Cl)c1)c1ccccc1,-5.43921734734104,1
CCR2-decoy_5,COc1cc2c(cc1OC)C(C)N(S(=O)(=O)c1cccs1)CC2,-5.43901757506145,0
CCR2-decoy_787,Cc1cccc(NC(=O)Nc2cccc(C#N)c2)n1,-5.41622609863038,0
CCR2-decoy_490,O=C(CCl)OCCn1c(=O)oc2cc3ncnc(Nc4ccc(OCc5cccc(F)c5)c(Cl)c4)c3cc21,-5.40957859950781,0
CCR2-decoy_647,Cc1nnc(Oc2ccc(C#N)cc2Cl)c2ccccc12,-5.40477989453741,0
CCR2-decoy_793,CCc1ccc(C2=Nc3c(N)ncnc3OC2(C)C)cc1,-5.40427920706438,0
CCR2-decoy_678,CSC(=S)NCc1c[nH]c2ccccc12,-5.39757472193624,0
CCR2-decoy_18,O=C(CCC(F)(F)F)N1CC(c2nc(c3cccs3)no2)C1,-5.39553741594272,0
CCR2-decoy_60,O=C(COC(=O)/C=C/c1ccc2ccccc2n1)NNC(=O)c1ccc([N+](=O)[O-])cc1,-5.39374388815104,0
CCR2-decoy_319,CC(=O)N[C@H](C(=O)N[C@@H](Cc1ccccc1)C[C@H](O)[C@H](Cc1ccccc1)NC(=O)[C@@H]1CN(c2cccc(C(C)=O)c2)C(=O)O1)C(C)C,-5.38839741249512,0
CCR2-decoy_653,Cc1ccc(N(CCC#N)C(=O)CCl)cc1C,-5.38603229805797,0
CCR2-decoy_673,CCN(C(=O)c1ccnn1C)c1ccccc1,-5.37891996141729,0
CCR2-decoy_147,O=C([O-])COc1cccc2c1CCC(Cn1ncc(c3ccccc3)c(c3cccc(F)c3)c1=O)C2,-5.37726991959079,0
CCR2-decoy_467,CCCc1nc(C(C)(C)O)c(C(=O)OCc2oc(=O)oc2C)n1Cc1ccc(c2ccccc2C2=NN=NN2)cc1,-5.37568884269899,0
CCR2-decoy_55,C/C=C/C=C/C(=O)N(CC(N)=O)NC(=O)[C@H](C)NC(=O)[C@H](C)NC(=O)OCc1ccccc1,-5.3727652786702,0
CCR2-decoy_483,CCCCc1nn(c2ccccc2C(F)(F)F)c(=O)n1Cc1ccc(c2ccccc2S(=O)(=O)NC#N)cc1,-5.35447754714355,0
CCR2-decoy_715,C/C(C=O)=C\[C@H]1CC[C@]2(O)[C@@H]3CC[C@@H]4C[C@@H](O)CC[C@]4(C)[C@H]3CC[C@]12C,-5.35026420717616,0
CCR2-decoy_58,Cc1ccc(Oc2ccc(N(C[C@H]([NH2+]C(C)C)C(=O)[O-])S(C)(=O)=O)cc2)cc1,-5.34972335950697,0
CCR2-decoy_215,CCC[C@H](NC(=O)[C@@H]1CN(c2ccc(c3ccccc3)cc2)CN1C(=O)[C@@H](NC(=O)OC1CCCC1)C(C)(C)C)C(=O)C(=O)NC1CC1,-5.34692592903862,0
CCR2-decoy_741,CCOc1ccc(C2CC(=O)n3nc(c4ccc(C)cc4)nc3S2)cc1,-5.34637554120799,0
CCR2-decoy_167,COc1ccc(c2nc3c(c(Nc4ccc(CC(=O)[O-])cc4)n2)SCCC3)c(F)c1F,-5.34247375749984,0
CCR2-decoy_92,C=Cc1cccc(S(=O)(=O)NC[C@@H]2C[C@@H]3O[C@H](CO)[C@@H](OCc4ccccc4)[C@@H]3O2)c1,-5.33397118299652,0
CCR2-decoy_781,CN(C)C(=O)CSc1nnc(c2ccccc2F)o1,-5.33023101234059,0
CCR2-decoy_731,CC(C)(C)c1ccccc1NC(=O)c1c(O)c2cccc3c2n(c1=O)CC3,-5.3296561299378,0
CCR2-decoy_590,CCSc1cccc(OS(C)(=O)=O)n1,-5.32771527071822,0
CCR2-decoy_115,CCOc1ccccc1n1c(=S)sc2c(=O)n(c3ccc(F)cc3)c(SCC(=O)[O-])nc21,-5.32098657441794,0
CCR2-decoy_173,CCc1cc2c(cc1OCC(=O)NCC1CCC(C(=O)[O-])CC1)oc(=O)cc2c1ccccc1,-5.32082672751986,0
CCR2-decoy_180,CCCC(SC(=O)CCO[N+](=O)[O-])C1=CC(=C(Br)Br)OC1=O,-5.31914272763128,0
CCR2-decoy_552,CC(C)Cn1cc(c2cncc3nccn32)cn1,-5.31209290190104,0
CCR2-decoy_402,Cc1ccc(n2nc(C3CCN([S+]([O-])c4sc(C)nc4C)CC3)cc2NC(=O)c2cnn3cccnc23)cc1,-5.3100624059538,0
CCR2-decoy_699,CCc1ccc2c(n1)C(C(N)=S)CCC2,-5.28411429117735,0
CCR2-decoy_733,CC(C)(C)OC(=O)N1CCN(C(=O)CCCC2=CCc3ccccc32)CC1,-5.2826681134498,0
CCR2-decoy_151,O=C([O-])C[C@H]1CC[C@H](c2ccc(C(=O)Nc3nnc(CCC4CCOC4)s3)cc2)CC1,-5.28111677173785,0
CCR2-decoy_396,[NH3+]CCCC[C@H](NC(=O)c1cccc(F)c1)C(=O)c1noc(Cc2ccc(OCCc3ccc(Cl)c(Cl)c3)cc2)n1,-5.28091604502627,0
CCR2-decoy_349,O=C(Nc1ccccc1C(=O)N[C@@H](Cc1ccccc1)C[C@H](O)[C@H](Cc1ccccc1)NC(=O)OCc1cncs1)OCc1ccccn1,-5.27993555579979,0
CCR2-decoy_181,COc1ccc(CN(C(=O)n2cnc(S(=O)(=O)[C@@H]3C[C@H]4CC[C@@H]3C4)n2)C(C)C)cc1,-5.24185505804693,0
CCR2-decoy_595,N#Cc1cccc(c2cc(n3ccnc3)ncn2)c1,-5.23373599553968,0
CCR2-decoy_634,Cc1ccccc1NC(=S)Nc1ccc2c(c1)C(=O)OC2,-5.22523519383392,0
CCR2-decoy_154,Cc1ncccc1Oc1ncnc(O[C@H]2C[C@H]3C=C[C@@H](C2)N3S(=O)(=O)C2CC2)c1C,-5.22134687824145,0
CCR2-decoy_24,CN(C)c1ccc(C=C2C(=O)OC(C)(C)OC2=O)cc1Br,-5.22025715039215,0
CCR2-decoy_670,CC(C)=C(C)OC(=O)/C=C/c1ccc(O)c(O)c1,-5.21290793911101,0
CCR2-decoy_700,CC(C)=NNC1=C2C(=S)NN=C2CC(C)(C)C1,-5.20259483010964,0
CCR2-decoy_275,CC(C)C(NC(=O)N(C)Cc1cscn1)C(=O)N[C@@H](Cc1ccccc1)[C@@H](O)C[C@H](Cc1ccccc1)NC(=O)OCc1cccnc1,-5.19602659882025,0
CCR2-decoy_25,CC1(C)Cc2cccc(OCC(=O)N3CCN(c4ccccc4)CC3)c2O1,-5.18931930749926,0
CCR2-decoy_658,C=CCc1c(O)cc(O)c2c(=O)cc(C)oc12,-5.18580760466274,0
CCR2-decoy_570,CCOC(=S)CS(=O)(=O)c1cccs1,-5.17195380844677,0
CCR2-decoy_729,N#CC(c1cccnc1)c1cnn(Cc2cccc3ccccc23)c(=O)c1Cl,-5.1614404690844,0
CCR2-decoy_677,CCCc1c(C)nn(c2nc(C)cc(C)n2)c1C,-5.16112045622894,0
CCR2-decoy_163,Cc1ccccc1COc1nc(N2CCC[C@@H](CC(=O)[O-])C2)ccc1C(=O)NC1CCCCC1,-5.15862745385554,0
CCR2-decoy_680,CC(C)C[C@@]12OO[C@]3(C)OC(C)(CCC31)O2,-5.15196427725335,0
CCR2-decoy_63,CC(=O)Nc1nc(N[C@@H](CC(=O)OC(C)(C)C)C(=O)OC(C)(C)C)c2nc[nH]c2n1,-5.14572893443027,0
CCR2-decoy_632,Cc1nc(C2COC3(CCCCC3)O2)cc(c2ccccc2)n1,-5.13550629240574,0
CCR2-decoy_351,N#Cc1cnc2cc(OC[C@@H](O)CO)c(NC(=O)CC3CSSC3)cc2c1Nc1ccc(OCc2cccc(F)c2)c(Cl)c1,-5.13463203857052,0
CCR2-decoy_671,COC(=O)c1ccc(OC=C(C)C)c(OC)c1,-5.13072081218787,0
CCR2-decoy_137,Cc1cccc(N2CCN(C(=O)CN(/N=C/c3cccc(Cl)c3)C(=O)c3ccncc3)CC2)c1,-5.12798206252614,0
CCR2-decoy_401,O=C(NCc1ccco1)c1cccc2c1C(=O)c1ccc(N3CCC(Cc4ccccc4)CC3)cc1S2(=O)=O,-5.1233656849846,0
CCR2-decoy_739,CCc1nn(c2c(Cl)cc(Cl)cc2Cl)c2nc(C)nc(N)c12,-5.11513950749199,0
CCR2-decoy_354,CC(C)(C)OC(=O)N[C@@H](Cc1ccccc1)[C@@H](O)C[C@@H](Cc1ccc(CCCO)cc1)C(=O)N[C@H]1c2ccccc2C[C@H]1O,-5.08885751954715,0
CCR2-decoy_544,Clc1ccc2c(NCCn3cnc4c(N5CCN(c6ccccc6)CC5)nc(Cl)nc43)ccnc2c1,-5.08014375786672,0
CCR2-decoy_98,C=C1C[C@](OC)([C@H](O)C(=O)N[C@@H]2OCO[C@H]3[C@@H]2O[C@H](CO)C(C)(C)[C@@H]3OC)O[C@H](C)[C@@H]1C,-5.07785583479929,0
CCR2-decoy_31,C=CC[C@@]1(OC)C=C2C(=CC1=O)O[C@H](c1ccc3c(c1)OCO3)[C@H]2C,-5.07460802453328,0
CCR2-decoy_521,C=CCOc1c(Br)cc(/C=N/NC(=O)Cc2ccc(C(F)(F)F)cc2[N+](=O)[O-])cc1OC,-5.06609352688881,0
CCR2-decoy_720,COc1ccc(c2nccnc2C2CN(c3ccc4ccccc4n3)C2)cc1C,-5.06558122244475,0
CCR2-decoy_253,CO[C@@H](CC(C)C)[C@H](O)[C@H](CC1CCCCC1)NC(=O)[C@H](Cc1cscn1)NC(=O)C(Cc1ccccc1)CS(=O)(=O)c1ccccc1,-5.04964075533213,0
CCR2-decoy_492,CC(=O)Nc1cc2c(=O)cc(c3ccc(C(=O)N[C@@H](CC(C)C)C(N)=O)cc3)oc2cc1N[C@H](C)C1CCCCC1,-5.04406455731001,0
CCR2-decoy_669,CCCOc1ccc2ccc(=O)oc2c1C(C)=O,-5.03862407799277,0
CCR2-decoy_177,CCOc1ccc(C2=NN(c3ccc(C(=O)[O-])cc3)C(=O)[C@@H]3CC=CC[C@H]23)cc1OCC,-5.0322441225619,0
CCR2-decoy_398,COC(=O)N[C@H](C(=O)N[C@@H](Cc1ccccc1)[C@@H](O)CN(Cc1ccc(c2ccccn2)cc1)NC(=O)[C@@H](NC(=O)OC)C(C)(C)C)C(C)C,-5.0322268192509,0
CCR2-decoy_70,Cc1cc(NC(=O)CSc2ncc(C(=O)Nc3ccccc3)c(=O)n2C)no1,-5.02834334951958,0
CCR2-decoy_627,COc1cc2cnc3c4cccnc4ccc3c2cc1OC,-5.01966410667303,0
CCR2-decoy_578,CCN(CC)c1nc(C)c(C(C)=O)cc1C#N,-4.98992354408547,0
CCR2-decoy_193,Cc1cc(C(=O)Nc2ccc(C(=O)[O-])cc2)n(Cc2csc(N3CCCCC3C)n2)c1,-4.97732901513038,0
CCR2-decoy_432,COc1ccc(COc2ccc3c(C4=C(c5cn(C)c6ccc(Br)cc56)C(=O)NC4=O)coc3c2)cc1,-4.97342504814559,0
CCR2-decoy_356,O=C1[C@@H]2[C@H]3CC[C@H](O3)[C@@H]2C(=O)N1CCCCCCOP(=O)(OCC(Cl)(Cl)Cl)OCC(Cl)(Cl)Cl,-4.97164110773571,0
CCR2-decoy_639,COC(=O)/C=C1\OCc2cc(OCc3ccccc3)ccc21,-4.9701716394423,0
CCR2-decoy_362,COc1ccc(C(=O)/C=C/c2ccc(OCc3cn(C4C(=O)N(c5ccc(C)cc5)C4/C=C/c4ccccc4)nn3)c(OC)c2)cc1,-4.96134037811451,0
CCR2-decoy_619,Cc1cc(OC(=O)N2CCOCC2)ccc1c1ccccc1,-4.95745413956682,0
CCR2-decoy_506,COc1cc(c2nnc3n2CCCC3(Oc2cc(F)c(F)c(F)c2)C(C)(C)O)ccc1c1cnc(C)o1,-4.95679988009028,0
CCR2-decoy_522,COc1ccc(c2ccc3c(N4CCOC[C@@H]4C)nc(c4cccc(c5ccccc5)c4)nc3n2)cc1CO,-4.95330612117366,0
CCR2-decoy_246,CC(=O)OCOC(=O)c1ccc(/C(Cl)=C/[C@@H]2C=C(C)C[C@H]3C[C@H](CCn4cc(Cc5ccccc5)nn4)C=C[C@@]23C(=O)OCOC(C)=O)cc1,-4.94938668375451,0
CCR2-decoy_434,CCOC(=O)C1=C(C)NC(=S)NC1c1cc(/C=N/NC(=S)Nc2ccccc2)c(O)c(C(C)(C)C)c1,-4.94736723403434,0
CCR2-decoy_342,COc1cc(C[C@@H](COC(=O)/C=C/c2ccc(O)cc2)[C@H](COC(=O)/C=C/c2ccc(O)cc2)Cc2ccc(O)c(OC)c2)ccc1O,-4.92526615419721,0
CCR2-decoy_723,O=C1N(c2cc(Cl)nc(C3CC3)c2)CCN1c1cnccc1C1CC1,-4.92447397514539,0
CCR2-decoy_736,COc1cc2c(cc1OC)C(=O)N1C=C(/C=C/c3ccc(F)cc3)C[C@H]1C=N2,-4.92364440230562,0
CCR2-decoy_416,COc1cc(C2Oc3cc(c4oc5cc(O)c(CC=C(C)C)c(O)c5c(=O)c4O)ccc3OC2CO)ccc1O,-4.91894646249705,0
CCR2-decoy_188,COc1ccc(C(=O)Oc2c(OC)cc(C(=S)N3CCOCC3)cc2OC)cc1OC,-4.91703553782405,0
CCR2-decoy_110,COc1cccc([C@@H]2C[C@@H](SCc3ccccc3)[C@H](C(=O)[O-])CN2S(=O)(=O)c2ccc(C)cc2)c1,-4.90070501058192,0
CCR2-decoy_192,COCc1nnc(N2CC[C@@H](Oc3cc(F)cc(F)c3C)C2)n1c1ccc(OC)nc1,-4.90045793100731,0
CCR2-decoy_105,COc1ccc(C#N)cc1S(=O)(=O)N(Cc1ccccc1)Cc1cnc(C(F)(F)F)nc1,-4.89684823083181,0
CCR2-decoy_107,CCn1cnc2c(c3ccc(F)c(c4ccc(S(=O)(=O)C5COC5)cc4OC)c3)cnnc21,-4.89369880486634,0
CCR2-decoy_49,Cc1cccc(OCCn2nnc3sc4c(c3c2=O)CCCC4)c1,-4.88957137406032,0
CCR2-decoy_108,CCCn1c(=O)n(C)c(=O)c2c(SCC(=O)c3ccc(Cl)cc3)nc(CC(C)C)nc21,-4.88901335378116,0
CCR2-decoy_35,COC(C)(C)/C1=C/C=C(\C)CC[C@@H]2O[C@@]2(C)CC/C=C(/C(=O)[O-])CC1,-4.87885475168412,0
CCR2-decoy_473,COc1nc(N(C)C)ncc1n1nc2c(c1C(C)C)[C@H](c1ccc(Cl)cc1)N(c1cc(Cl)c[nH]c1=O)C2=O,-4.8701885580046,0
CCR2-decoy_556,O=C(N1CCOCC1)C1(c2ccccc2)CCCC1,-4.86355544867392,0
CCR2-decoy_85,CCc1ccccc1NC(=O)CSc1nnc(c2nonc2NC(C)=O)n1C,-4.86336154425833,0
CCR2-decoy_195,O=C1S/C(=C\c2ccc3c(c2)OCO3)C(=O)N1Cc1cn(CCc2ccccc2)nn1,-4.85739288043861,0
CCR2-decoy_330,Cn1cc(C/C(=N\O)C(=O)NCCSSCCNC(=O)/C(Cc2cn(C)c3ccc(Br)cc23)=N/O)c2cc(Br)ccc21,-4.84840700912727,0
CCR2-decoy_32,CC(C)OC(=O)C1Cc2ccccc2CN1S(=O)(=O)c1cccs1,-4.84810863058117,0
CCR2-decoy_266,CCCCCCCC[C@H](O)/C=C/C=C/C(=O)O[C@@]12C[C@@H](C)[C@@]3(O)[C@@H](C=C(CO)C[C@]4(O)C(=O)C(C)=C[C@H]43)[C@@H]1[C@@]2(C)COC(C)=O,-4.83722981603352,0
CCR2-decoy_386,Cc1ccc(C(=O)Nc2cc(N(C)CC[NH+](C)C)cc(C(F)(F)F)c2)cc1Nc1ncnc2cnc(NCCc3ccccc3)nc12,-4.82398876393683,0
CCR2-decoy_43,O=c1nc(N2CCOCC2)oc2ccc(c3ccc(Cl)cc3)cc12,-4.82022214279524,0
CCR2-decoy_212,CCC(c1ccccc1)C1(NC(=O)N[C@H](C(=O)N2C[C@H]3[C@@H]([C@H]2C(=O)NC(CC2CC2)C(=O)C(N)=O)C3(C)C)C(C)(C)C)CCCCC1,-4.79608579821593,0
CCR2-decoy_383,COc1cc(/C=C2\CC/C(=C\c3ccc(OCCCCn4ccnc4)c(OC)c3)C2=O)ccc1OCCCCn1ccnc1,-4.79386525808399,0
CCR2-decoy_523,COc1ccc(Oc2nc(Nc3ccc(N4CCOCC4)cc3)ncc2/N=C/c2cc(OC)cc(OC)c2)cc1,-4.7871381230978,0
CCR2-decoy_201,COc1ccc(OC2C=CC(c3ccccc3)OC2COC(=O)CCC(C)=NOCCC2C=CC(OC(C)=O)C(COC(C)=O)O2)cc1,-4.78043908545697,0
CCR2-decoy_369,CC(C)C[C@@H](NC(=O)[C@H](Cc1ccccc1)NC(=O)[C@H](Cc1ccccc1)NC(=O)c1cnccn1)B1O[C@@H]2[C@@H](C[C@H]3C[C@@H]2C3(C)C)O1,-4.77996907194099,0
CCR2-decoy_661,CC(C)Cc1nc(N)nn1c1ccccc1,-4.75781501836814,0
CCR2-decoy_484,COc1cccc(CC(=O)N2CCOC(COc3cc4ncnc(Nc5ccc(Cl)c(Cl)c5)c4cc3OC)C2)c1,-4.75568794061853,0
ASD10910003,CCC(NC1C(=O)C(=O)C1Nc1ccnc(C(=O)N(C)C)c1O)c1cc(C(C)C)co1,-4.75383288280346,1
CCR2-decoy_542,O=C(NN1CCCCC1)c1ccc(C2CC(=O)N(Cc3ccccc3[N+](=O)[O-])c3ccccc3S2)cc1,-4.75183660338372,0
CCR2-decoy_329,O=C(Nc1ncccn1)c1cccc(CN2C(=O)N(Cc3cccc(C(=O)Nc4ncccn4)c3)[C@H](Cc3ccccc3)[C@H](O)[C@@H](O)[C@H]2Cc2ccccc2)c1,-4.73844713315518,0
CCR2-decoy_762,O=C(NCC1(CO)CC1)c1ccccc1C(F)(F)F,-4.73502493518281,0
CCR2-decoy_360,CCc1cn2c3c(cc(C(=O)N[C@@H](Cc4ccccc4)[C@H](O)C[NH2+]C(COC)c4cccc(C(F)(F)F)c4)cc13)N(C)S(=O)(=O)C1(CC1)C2,-4.72946568438062,0
CCR2-decoy_517,COc1cc2c(c(OC)c1OC)-c1cc(I)c(OC(=O)C=C(C)C)cc1[C@@H](NC(C)=O)CC2,-4.72705142280407,0
CCR2-decoy_563,Cc1cc(OC(=O)N(C)C)n(c2ccccc2)n1,-4.71731707517788,0
CCR2-decoy_581,CC1=C([O-])S[C@](C)(/C=C(C)/C=C/C#N)C1=O,-4.71489293007579,0
CCR2-decoy_94,O=C(NCCc1ccccc1)C(=O)NCC1OCCN1S(=O)(=O)c1ccc([N+](=O)[O-])cc1,-4.7127422658676,0
CCR2-decoy_482,CCCCc1nc(C)c(CCC(=O)N2CC(C)OC(C)C2)c(=O)n1Cc1ccc(c2ccccc2C2=NN=NN2)cc1,-4.71037717582136,0
CCR2-decoy_160,CCCOc1nc(C(Br)Br)c([N+](=O)[O-])c(N2CCOCC2)n1,-4.68741136555273,0
CCR2-decoy_703,CC1(C)C(=O)NC(=O)c2c1ccc1[nH]c(Cc3c(Cl)cccc3Cl)nc21,-4.67784879539767,0
CCR2-decoy_430,COc1cc(C(=O)Nc2nnc(/C=C/c3cc(OC)c(OC)c(OC)c3Br)s2)cc(OC)c1OC,-4.67476667497966,0
CCR2-decoy_141,COC(=O)c1cc(F)c(F)cc1c1ccc(OCc2cccc(C(=O)N3CCC[C@H]3C(=O)[O-])c2)cc1,-4.67112878708031,0
CCR2-decoy_409,O=C(Cn1cc(Cc2cncnc2)c(=O)nc1SCc1ccc(F)cc1)NCc1cccc(c2ccccc2)c1,-4.65350683023751,0
CCR2-decoy_21,COc1ccc2oc(=O)c(c3ccc(Br)nn3)cc2c1,-4.64446778746264,0
CCR2-decoy_456,COc1cc2nccc(Oc3ccc(NC(=O)c4c(C)n(C)n(c5ccccc5)c4=O)cc3F)c2cc1Br,-4.62180197406708,0
CCR2-decoy_370,COc1ccccc1/C=C/C(=O)/C=C/c1ccc(OCc2cn(CCCCOc3cc(=O)oc4ccccc34)nn2)c(OC)c1,-4.61806147576796,0
CCR2-decoy_224,CN(C[C@H](Cc1ccccc1)N(C[C@H](Cc1ccccc1)N(CCc1cc(C(F)(F)F)cc(C(F)(F)F)c1)N=O)N=O)N=O,-4.61604579224301,0
CCR2-decoy_440,O=c1[nH]nc(SCCS(=O)(=O)c2cccc(C(F)(F)F)c2)n1c1ccc(OCc2ccccc2)cc1,-4.61464233692184,0
CCR2-decoy_457,CC(C)(C)OC(=O)N[C@@H](Cc1ccccc1)[C@@H](O)C[C@H](C(=O)NC1c2ccccc2C[C@@H]1O)C(=O)c1ccccc1,-4.61369451768765,0
CCR2-decoy_744,Cn1c(=O)c2ccc(c3cccnc3)cc2n2nc(c3ccc(Cl)cc3)cc12,-4.59642007711915,0
CCR2-decoy_46,O=C([O-])C[C@@H]1COc2cc3c(cc21)OCC(c1cccc(C2CC2)c1)O3,-4.57420835544097,0
CCR2-decoy_413,CCCSc1nc(Cl)c2c(n1)N(Cc1ccccc1)C(C(=O)N1CCN(C(=O)OC(C)(C)C)CC1)N2,-4.57203230385956,0
CCR2-decoy_249,CC(C)c1nc(CN(C)C(=O)N[C@@H](CCO)C(=O)N[C@H](CC[C@H](Cc2ccccc2)NC(=O)OCc2cncs2)Cc2ccccc2)cs1,-4.56899082695547,0
CCR2-decoy_704,COc1ccc(Oc2c(Cl)cnn(c3cccc4c3CCCC4)c2=O)cc1,-4.56203950599672,0
CCR2-decoy_57,COC(=O)CSc1nnc(Cc2c(NC(C)=O)sc3c2CCCC3)n1NC(C)=O,-4.55519608259044,0
CCR2-decoy_412,Cc1c(N2CCC(NC(=O)c3ccc(Sc4ccccc4)cc3C(F)(F)F)CC2)nnc(c2ccnn2C)c1C,-4.55018005275871,0
CCR2-decoy_276,COc1ccc(/C=C/C(=O)/C=C/c2ccc(OCc3cn(CCCCCOc4cc(=O)oc5ccccc45)nn3)c(OC)c2)cc1,-4.54953965269522,0
CCR2-decoy_220,CC(C)[C@H](NC(=O)CCc1cccnc1)C(=O)NC(Cc1ccc(OCc2ccccc2)cc1)C(=O)C(F)(F)C(=O)NCc1ccccc1,-4.53874039473146,0
CCR2-decoy_296,CC(C)c1nc(CN(C)C(=O)NC(C(=O)N[C@@H](Cc2ccccc2)C[C@H](O)[C@H](Cc2ccccc2)NC(=O)OCc2cccnc2)C(C)C)cs1,-4.52790616117659,0
CCR2-decoy_287,Cc1cc(N)cc(C)c1OCC(=O)N[C@@H](Cc1ccccc1)C[C@H](O)[C@H](Cc1ccccc1)NC(=O)OC1COC2OCCC12,-4.52024342366757,0
CCR2-decoy_152,CCC1=C([O-])c2c(oc(c3cc(OC)c(OC)c(OC)c3)cc2=O)C(CC)(CC)C1=O,-4.51718331665133,0
CCR2-decoy_127,COc1cc(CCn2cnc3sc4c(c3c2=O)CCN(C(=O)C(C)(F)F)C4)cc(OC)c1,-4.50567870522756,0
CCR2-decoy_450,CC(=O)c1c(C)c2cnc(Nc3ccc(N4CCN(C(=O)OCC(C)C)CC4)cn3)nc2n(C2CCCC2)c1=O,-4.49189382090953,0
CCR2-decoy_205,CCCCCCCc1cc(O[C@@H]2O[C@@H](C)[C@H](OC)[C@@H](OC(=O)c3ccc(C)[nH]3)[C@H]2O)c(C)c2oc(=O)c(C(=O)NS(=O)(=O)c3ccccc3)cc12,-4.48129601866727,0
CCR2-decoy_561,CSc1nnc(N2CCOCC2)n1CC(C)C,-4.47114271274697,0
CCR2-decoy_635,CN(c1nc2sc3c(c2c(=O)o1)CCCC3)C1CCCCC1,-4.4674727558475,0
CCR2-decoy_328,CCCCO/C(O)=C1\C(C)=NC(C)=C(C(=O)OC)C1c1cccc(NC(=O)NCCC[NH+]2CCN(c3ccccc3OC)CC2)c1,-4.46230079930263,0
CCR2-decoy_171,Cc1ccc2[nH]c(c3ccc(N4CCC(O[C@H]5CC[C@H](CC(=O)[O-])CC5)CC4)nc3)nc2n1,-4.45442003378382,0
CCR2-decoy_378,CC(C)SC[C@H](O)[C@H](CC12CC3CC(CC(C3)C1)C2)NC(=O)[C@H](C)NC(=O)[C@H](Cc1ccccc1)NC(=O)OC(C)(C)C,-4.45323430169075,0
CCR2-decoy_657,CCOC(=O)c1c(C)nc2ccc(C)cn12,-4.44584444559874,0
CCR2-decoy_513,COc1cc2c(Nc3ccc(Cl)c(Cl)c3)ncnc2cc1OCc1noc(c2c(C)noc2C)n1,-4.43880467011822,0
CCR2-decoy_460,O=C(COc1ccc(Br)cc1Br)N1N=C(c2ccc([N+](=O)[O-])o2)CC1(O)c1ccccc1,-4.43270733467333,0
CCR2-decoy_344,CCc1nc(CN(C)C(=O)NC(C(=O)N[C@@H](Cc2ccccc2)C[C@H](O)[C@H](Cc2ccccc2)NC(=O)OCc2cncs2)C(C)C)co1,-4.39652324087159,0
CCR2-decoy_265,CCCS(=O)(=O)c1cc(C2CC[C@@H](c3cc(OC)c(OC)c(OC)c3)O2)cc(OC)c1OCCSc1ccc(C#N)cc1,-4.37190178123654,0
CCR2-decoy_39,Cc1cc2nc(N3CCN(C(=O)c4ccco4)CC3)sc2cc1C,-4.36411068933935,0
CCR2-decoy_75,CS(=O)(=O)CCCOCc1cncc(c2cnc3c(c2)CCCN3C(N)=O)c1,-4.33604418405692,0
ASD10910007,O=C(NCCOCCOCCn1ccnn1)c1ccc(Oc2ccc(Cl)cc2NS(=O)(=O)c2ccc(Cl)c(C(F)(F)F)c2)cc1,-4.32441309687615,1
CCR2-decoy_798,CC(C)NC(=S)N/N=C1\CCCCc2ccccc21,-4.31651059351282,0
CCR2-decoy_317,COc1cc2c(c(OC)c1OC)-c1ccc(NCCC(O)C(=O)N[C@@H](CC(C)C)C(=O)OC3CCCC3)c(=O)cc1[C@@H](NC(C)=O)CC2,-4.31033727096352,0
CCR2-decoy_140,COc1cc(C(=O)N2CCN(c3cccc(Cl)c3)CC2)ccc1OCC(=O)N1CCOCC1,-4.30932504487601,0
CCR2-decoy_451,COc1cc(C(=O)C2Sc3nnc(c4cc(OC)c(OC)c(OC)c4)n3NC2c2ccco2)cc(OC)c1OC,-4.28642101833725,0
CCR2-decoy_468,C[C@@H]1CC[C@H]2[C@@H](C)[C@H](OC(=O)CCC(=O)Oc3ccc(Nc4ncnc5ccccc45)cc3)O[C@@H]3O[C@]4(C)CC[C@@H]1[C@@]23OO4,-4.28575199579611,0
CCR2-decoy_730,O=C1C2C3C=CC(C3)C2C(=O)N1c1ccc(c2nc3ccccc3o2)cc1,-4.28552142268201,0
CCR2-decoy_97,Cn1c(=O)c2[nH]c(c3ccc(OCC(=O)NCc4ccc(F)cc4)cc3)cc2n(C)c1=O,-4.26168964484563,0
CCR2-decoy_280,COc1ccc(c2cc3ccc(OCCCCCn4cc(CNC(=O)CCCCC5CCSS5)nn4)cc3oc2=O)cc1,-4.25648832382923,0
CCR2-decoy_437,COc1cc(OC)c2c(c1)[nH]c(C(=O)C(=O)N1CCN(c3ccccn3)CC1)c2c1ccc(Br)cc1,-4.23258903256765,0
CCR2-decoy_136,CN(C)c1ccc(Cn2cnc3c2C[C@@H](C(=O)[O-])N(C(=O)C(c2ccccc2)c2ccccc2)C3)cc1,-4.23104900014804,0
CCR2-decoy_61,CCOC(=O)C1=C(COC(=O)CCOc2ccc(OCC)cc2)NC(=O)NC1C,-4.21024020842745,0
CCR2-decoy_126,CC(C)c1ccc(c2ccc(S(=O)(=O)C(CCN3C(=O)c4ccccc4C3=O)C(=O)[O-])cc2)cc1,-4.1830395398695,0
CCR2-decoy_194,CCN(C(=O)CSc1nc2ccccc2n1CCc1ccccc1)C1CCS(=O)(=O)C1,-4.17966460965248,0
CCR2-decoy_713,CCC(=O)Nc1ccc2ncnc(Nc3cccc(Br)c3)c2c1,-4.17406066395123,0
CCR2-decoy_89,CC(=O)NC(Cc1ccc(F)cc1)C(=O)N1CCN(C(=O)NCc2ccccc2)CC1,-4.1699932098356,0
CCR2-decoy_187,CC(=O)OC[C@@]1(C(=O)[O-])CCC[C@]2(C)[C@@H]1CC[C@@]13C[C@H](CC[C@H]12)[C@](O)(COC(=O)C(C)C)C3,-4.16009113437997,0
CCR2-decoy_712,Cc1c(N2CCOCC2)oc2c(C)c(OCc3ccccc3)ccc2c1=O,-4.1421195759876,0
CCR2-decoy_783,CC1(C)CC(=O)C=C(NNC(=O)OC(C)(C)C)C1,-4.12513470291983,0
CCR2-decoy_30,COC1(OC)C2(Cl)C(Cl)=C(Cl)C1(Cl)C1COCC12,-4.12513439734021,0
CCR2-decoy_242,CC1(C)C(=O)N(c2ccc(C#N)c(C(F)(F)F)c2)C(=S)N1CCCn1cc(COCCCOC(=O)CC23CC4CC(CC(C4)C2)C3)nn1,-4.09913293471723,0
CCR2-decoy_371,CC(C)COc1cc(C(=O)N[C@@H](Cc2ccc3ccccc3c2)C(=O)[O-])ccc1NC(=O)[C@@H]([NH3+])Cc1ccc2ccccc2c1,-4.09737897127873,0
CCR2-decoy_368,CC(C)CC(NC(=O)[C@H](Cc1ccccc1)C[C@H](O)[C@H](Cc1ccccc1)NC(=O)OC(C)(C)C)C(=O)NCc1ccccc1,-4.09149100202309,0
CCR2-decoy_357,CC(C)CC(CC(=O)OCC1(CO)C/C(=C\c2ccccc2C(C(=O)OC(C)(C)C)C(=O)OC(C)(C)C)C(=O)O1)CC(C)C,-4.08090608455297,0
CCR2-decoy_502,CC(C)(C)Nc1c(c2ccc(OCCCN3C(=O)c4ccccc4C3=O)cc2)nc2ccc(Br)cn12,-4.07823207929354,0
CCR2-decoy_516,C/C(=N\n1c(/N=C/c2ccccc2C)c(C#N)c(c2ccc([N+](=O)[O-])cc2)c(C#N)c1=O)c1nc2ccccc2[nH]1,-4.07809968332063,0
CCR2-decoy_133,Cc1ccc(C(=O)OCC(=O)c2ccc(Br)cc2)cc1S(=O)(=O)N1CCOCC1,-4.0604117377739,0
CCR2-decoy_373,C[C@@H](/C=C/c1ccc(C(=O)C(=O)N2CCCC2C(=O)NC(Cc2ccccc2)C(=O)OC(C)(C)C)s1)CO[Si](C)(C)C(C)(C)C,-4.05510424089224,0
ASD10910006,O=C(NCCOCCOCCn1ccnn1)c1ccc(Oc2ccc(Cl)cc2NS(=O)(=O)c2ccc(Cl)c(Cl)c2)cc1,-4.04515401351041,1
CCR2-decoy_458,N#Cc1ccc(Nc2nc(Oc3ccnc4ccccc34)nc(N3CCN(c4ccccn4)CC3)n2)cc1C(F)(F)F,-4.04413498321447,0
CCR2-decoy_199,COC(=O)C1(Cc2ccc(OC)cc2)CC(=O)OC1c1cc(OC)c(OC)c(OC)c1,-4.02974116663212,0
CCR2-decoy_93,Cc1nc2ccc(S(=O)(=O)NCC(=O)NCc3ccc4c(c3)OCO4)cc2s1,-4.0295448082379,0
CCR2-decoy_204,CCN(Cc1csc(C(C)C)n1)C(=O)NC(C)C(=O)N[C@@H](Cc1ccccc1)[C@@H](O)C[C@H](Cc1ccccc1)NC(=O)OCc1cncs1,-4.02861857965625,0
CCR2-decoy_337,COc1ccc(S(=O)(=O)N(Cc2ccc3c(c2)OCO3)[C@H](CCC(=O)NCc2ccc(c3ccccc3)cc2)C(=O)NO)cc1,-4.01465431995622,0
CCR2-decoy_103,Cc1ccc(NC(=O)CN2C(=O)S/C(=C\c3ccc(c4cc(C(=O)[O-])ccc4C)o3)C2=O)cc1,-4.0141314225847,0
CCR2-decoy_286,COc1ccc2c(c1)c(CC(N)=O)c(C)n2Cc1ccccc1OCCCOc1ccccc1Cn1c(C)c(CC(N)=O)c2cc(OC)ccc21,-3.99476235351635,0
CCR2-decoy_77,CCC(C)(C)NC(=O)CN(CC1CCCO1)C(=O)CCC(=O)Nc1nccs1,-3.99301876699073,0
CCR2-decoy_37,CC(C)(C)c1ccc(C2=N/C(=C/c3ccc(C(=O)[O-])cc3)C(=O)O2)cc1,-3.98655827629878,0
CCR2-decoy_525,CCS(=O)(=O)c1cccnc1N1CCc2nc(SC)nc(Nc3ccc(C(F)(F)F)cc3)c2CC1,-3.98249372101297,0
CCR2-decoy_223,CCOC(=O)c1c(C)oc2cc(OC(C)C)c(OCc3oc4cc(OC(C)C)c(OS(=O)(=O)[O-])cc4c3C(=O)OCC)cc12,-3.97244499783567,0
CCR2-decoy_71,CNC(=O)C1CC(=O)N(c2ccc(OCC(=O)Nc3ccc(OC)cc3)cc2)C1,-3.95893784044812,0
CCR2-decoy_65,Cc1ccn(NC(=O)c2ccc(C(=O)N3CCN(c4ncccc4NC(C)C)CC3)nc2)n1,-3.95116764679669,0
CCR2-decoy_214,CCC/N=C/C1=Cc2cc3c(cc2[C@@H](c2cc(OC)c(OC)c(OC)c2)[C@@H]1C(=O)OCc1ccc(Cn2cnc4c(Cl)ncnc42)cc1)OCO3,-3.92431781111762,0
CCR2-decoy_732,C=CCN(C)c1ccnc2sc3c(=O)n(c4ccc(Cl)cc4)cnc3c12,-3.91976936066431,0
CCR2-decoy_340,COc1ccc(CC2COc3cc(OC)c(OC)c(OC)c3C2=O)cc1OC(=O)[C@H](CCc1ccccc1)NC(=O)OC(C)(C)C,-3.91574183372332,0
CCR2-decoy_99,COc1ccc(Nc2nc(=O)n(CCO)c(=O)n2Cc2ccc(Cl)cc2)cc1F,-3.90565132843507,0
CCR2-decoy_200,CC(=O)c1ccc(OCCCC(=O)N2CCN(S(=O)(=O)c3cc(C)ccc3C)CC2)cc1,-3.89265677555664,0
CCR2-decoy_428,CCOc1ccc(n2nc(C(=O)NCc3cc(F)cc(F)c3)nc2c2cc(OC)c(OC)c(OC)c2)cc1,-3.89259352549311,0
CCR2-decoy_238,Cc1ccc(S(=O)(=O)N2CC2(C)CO[C@@H]2O[C@@H]3CO[C@H](c4ccccc4)O[C@@H]3[C@H](OCc3ccccc3)[C@H]2OCc2ccccc2)cc1,-3.89255002165928,0
CCR2-decoy_487,COc1cc2c(cc1OC)CN(C(=O)C1CCN(C(=O)c3cccc(Cc4nnc(O)c5ccccc45)c3)CC1)CC2,-3.88566942211411,0
CCR2-decoy_161,CC(C)(C)CCOc1nc(N2CCC[C@@H](CC(=O)[O-])C2)ccc1C(=O)NC1CCCCC1,-3.83525078468018,0
CCR2-decoy_447,CCOc1ccc(n2c(=O)c3c4c(sc3n(CC(=O)Nc3cccc(C(F)(F)F)c3)c2=O)CCCCC4)cc1,-3.83255057196755,0
CCR2-decoy_507,COc1cc2c(Nc3ccc(Cl)c(Cl)c3)ncnc2cc1OCC1CN(C(=O)C(C)(C)C)CCO1,-3.82180074048665,0
CCR2-decoy_240,COc1ccc(N2C(=O)CC(=O)N(C(=O)CCCCCCCCC(=O)N3C(=O)CC(=O)N(c4ccc(OC)cc4)C3=S)C2=S)cc1,-3.81079196899769,0
CCR2-decoy_420,O=C(Cc1cc(Br)cc(Br)c1OCCCCN=C=S)Nc1ccccc1[N+](=O)[O-],-3.7923907696712,0
CCR2-decoy_414,Cc1ccc(/C=N/NC(=O)COc2ccc(N3CC4=C(CC(C)(C)CC4=O)N(c4ccc(Cl)cc4)C3)cc2)cc1,-3.76442093725948,0
CCR2-decoy_431,COc1cc(C(=O)N(C)C)ccc1Nc1ncc2c(n1)-c1c(nn(C)c1c1ccc(c3cnn(C)c3)cc1)CC2,-3.73781910143011,0
CCR2-decoy_80,O=C(CCNC(=O)C1CCN(S(=O)(=O)c2ccccc2)CC1)NCCc1cccc(F)c1,-3.73342087336171,0
CCR2-decoy_19,CCOc1ccc2nc(N3CCN(C(=O)C(C)C)CC3)sc2c1,-3.71363644614464,0
CCR2-decoy_735,CC(C)(O)c1c(C(=O)NC2CCCC2)noc1c1ccc(C(F)(F)F)cc1,-3.68109538840428,0
CCR2-decoy_128,Cc1cc(C)cc(N(CCC#N)C(=O)COC(=O)C2CCN(S(=O)(=O)c3ccc(C)c(C)c3)CC2)c1,-3.66727289731392,0
CCR2-decoy_445,CCc1cc(C)c(C(=O)N2CCC(F)(c3ccc(C#N)cc3)CC2)cc1NC(=O)c1ccc(N2CCC2)nc1,-3.66414498202753,0
CCR2-decoy_227,O=C(NCCSSCCNC(=O)/C(Cc1ccc(OC2CCCC2)cc1)=N/O)/C(Cc1ccc(OC2CCCC2)cc1)=N\O,-3.61420396713542,0
CCR2-decoy_511,CCCN(CCC)C(=O)Cn1c(=O)n(c2ccc(C)cc2)c(=O)c2ccc(C(=O)NCc3ccccc3Cl)cc21,-3.60870870979784,0
CCR2-decoy_514,Cc1nn(c2ccc(Br)cc2)c2ncnc(Nc3ccc(OCCCCO[N+](=O)[O-])cc3)c12,-3.57938881092603,0
CCR2-decoy_391,CNC(=O)OCc1ncn(CCCc2ccc(NC(=O)c3ccc(Nc4ccnc5ccccc45)cc3)cc2)c1COC(=O)NC,-3.51293877345923,0
CCR2-decoy_710,O=C(C1CCN(c2ncnc3c2sc2cccc(F)c23)CC1)N1CCCC1,-3.51100059148007,0
CCR2-decoy_251,CCCCCCCCCC(=O)O[C@@]12[C@H](OC(=O)c3ccccc3)[C@@H](C)[C@@]3(O)[C@@H](C=C(CO)C[C@]4(O)C(=O)C(C)=C[C@@H]34)[C@@H]1C2(C)C,-3.50896867520701,0
CCR2-decoy_101,CC(Oc1ccc(F)cc1)c1nnc(SCC(=O)N(c2ccccc2)C2CCS(=O)(=O)C2)o1,-3.46945748951095,0
CCR2-decoy_84,CNS(=O)(=O)Nc1cccc(Cc2c(C)c3ccc(OC(=O)N(C)C)nc3oc2=O)c1,-3.45691569716583,0
CCR2-decoy_475,CCCCc1nn(c2ccccc2C(F)(F)F)c(=O)n1Cc1ccc(c2ccccc2S(=O)(=O)NC(=O)C(C)(C)C)cc1,-3.42362419295824,0
CCR2-decoy_743,CC1(C)Oc2ncnc(N)c2N=C1c1ccc(C2CCC(F)(F)CC2)cc1,-3.42181437367061,0
CCR2-decoy_237,COc1ccc(C(=O)c2ccc(OCC(=O)N3CCC(CCCC4CCN(C(=S)Nc5ccc(F)cc5)CC4)CC3)cc2)c(OC)c1,-3.42026524370813,0
CCR2-decoy_478,COc1nc(N(C)C)ncc1n1nc2c(c1C(C)C)C(c1ccc(Cl)c(F)c1)N(c1c[nH]c(=O)c(Cl)c1)C2=O,-3.38781489334733,0
CCR2-decoy_424,O=C(CSc1nnc(Br)n1c1ccc(C2CC2)c2ccccc21)NS(=O)(=O)c1cccs1,-3.38658459698426,0
CCR2-decoy_16,CSc1nccc(c2ccc(S(=O)(=O)N3CCCCC3)s2)n1,-3.36566656084218,0
CCR2-decoy_382,Cc1ccc(C(=O)CC2=Nc3nnc(CCCCCCCc4nnc5n4C(=O)C(CC(=O)c4ccc(C)cc4)=N5)n3C2=O)cc1,-3.35785108451645,0
CCR2-decoy_69,C[NH+]1CCC=C(c2nsnc2OCCCCOc2nsnc2C2=CCC[NH+](C)C2)C1,-3.32440874159359,0
CCR2-decoy_109,CN(C)c1cccc2c(S(=O)(=O)Oc3cccc4c3C(=O)C(N3CC3)=C(N3CC3)C4=O)cccc12,-3.31834898545915,0
CCR2-decoy_121,CC(C)CN(Cc1cccc(Cl)c1)S(=O)(=O)c1ccc(N2CCN(S(C)(=O)=O)CC2)cc1,-3.28846382688458,0
CCR2-decoy_74,CN(C)C(=O)Cn1cc(c2nc(C3(c4ccc(c5cnc(N)nc5)cc4)CC3)no2)cn1,-3.28281037604111,0
CCR2-decoy_284,COc1ccc(C(=O)N(CC(C)(C)C)c2cccc(C)n2)c(N2CCC(COc3cccc(C(CC(=O)[O-])OC)c3)CC2)c1,-3.24922361214976,0
CCR2-decoy_435,Cc1ccc(NCc2cn(Cc3nc4cccc(C)c4c(=O)n3c3ccccc3C(F)(F)F)nn2)cc1C,-3.20336092983965,0
CCR2-decoy_753,CCOC(=O)c1cn(C)c(=S)n2c1nc1ccccc12,-3.1549624967123,0
CCR2-decoy_100,CCN(CC)S(=O)(=O)c1cccc(C(=O)N/N=C/c2cc(OC)c(O)c(OC)c2)c1,-3.08330769955942,0
CCR2-decoy_90,COc1cc(C)c(S(N)(=O)=O)cc1C(=O)Nc1cccc(c2nncn2C(C)C)n1,-3.08077390830984,0
CCR2-decoy_184,CCC(C)c1cccc2c1C(=O)N(CSc1nnnn1c1ccccc1)S2(=O)=O,-3.07808751467011,0
CCR2-decoy_532,CS(=O)(=O)Nc1c(Cc2cccc3ccccc23)cc(=O)n2c1SCC2n1cc(c2ccccc2)nn1,-3.03786682548606,0
CCR2-decoy_183,C=CCN1CC(C(=O)N2CCC(Cc3ccc(Cl)cc3)(C(=O)OCC)CC2)CC1=O,-3.01160333200653,0
CCR2-decoy_683,C#CCSc1nsc(SCC#C)c1C#N,-3.00398905277834,0
CCR2-decoy_405,COc1ccc(NC[C@]23CC[C@H]4[C@@](C)(CC[C@@H](OC(C)=O)[C@@]4(C)COC(C)=O)[C@@H]2C[C@@H](C2=CCOC2=O)O3)cc1OC,-2.9781688360172,0
CCR2-decoy_539,COc1ccc(NC(=O)COc2cc(/C=C/C(=O)c3ccc(OC)c4c3OC(C)(C)C=C4)ccc2OC)cc1,-2.9349775842719,0
CCR2-decoy_515,CC1CC(=O)N(CC(=O)N(C)C)N=C1c1ccc2nc(C3CC3)n(Cc3ccc(c4ccccc4C4=NNN=N4)cc3)c2c1,-2.87946598059526,0
CCR2-decoy_520,CCCN(C)C(=O)NC1CCN(c2ncnc3c2nc(c2ccccc2Cl)n3c2ccc(Cl)cc2)CC1,-2.84915919941725,0
CCR2-decoy_293,COc1ccc(CN(CC(=O)NCCCC[C@@H](CO)N(CC(C)C)S(=O)(=O)c2ccc(N)cc2)c2ccccc2)cc1,-2.7993430905415,0
CCR2-decoy_231,Cc1ccc(S(=O)(=O)N2C(C)C2CO[C@@H]2O[C@@H]3CO[C@H](c4ccccc4)O[C@@H]3[C@H](OCc3ccccc3)[C@H]2OCc2ccccc2)cc1,-2.6409611018505,0
CCR2-decoy_419,COc1cccc(c2cc(C(=O)Nc3cc4ccc(OP(=O)(OC)OC)c(OC)c4oc3=O)ccc2OC)c1,-2.58898948916394,0
CCR2-decoy_129,CC(C)OCc1ccc(C(=O)N2CCN(S(=O)(=O)c3ccc(Br)s3)CC2)cc1,-2.53318601130265,0
CCR2-decoy_241,CCC[NH2+][C@@](C)(CO[C@H]1[C@H](n2ncnc2C(N)=O)C[C@@]23COC[C@@]1(C)[C@@H]2CC[C@H]1C3=CC[C@@]2(C)[C@H](C(=O)[O-])[C@@](C)([C@H](C)C(C)C)CC[C@]12C)C(C)C,-2.49625703122452,0
CCR2-decoy_449,CC(Cc1ccccc1)NC(=O)CSc1nc2nc3c(cc2c(=O)n1c1ccccc1)COC(C)(C)C3,-2.47373336222185,0
CCR2-decoy_114,COC(=O)C1CCN(C(=O)COc2ccc(N(C)S(=O)(=O)c3ccc(C)cc3)cc2)CC1,-2.47286681907811,0
CCR2-decoy_269,CCCS(=O)(=O)c1cc(C2CC[C@@H](c3cc(OC)c(OC)c(OC)c3)O2)cc(OC)c1OCCSc1ccncc1,-2.46612932909506,0
CCR2-decoy_338,COc1cc([C@@H]2c3cc4c(cc3[C@@H](Nc3cccc(OCCCCCCCC(=O)NO)c3)[C@H]3COC(=O)[C@@H]32)OCO4)cc(OC)c1O,-2.37505664058858,0
CCR2-decoy_176,O=C([O-])CC/C=C\C[C@@H]1CN(S(=O)(=O)c2cccc3cnccc23)C[C@H]1c1ccccc1O,-2.24714717993948,0
CCR2-decoy_706,O=C(CSc1nnc(c2ccc(F)cc2)o1)N1CCCc2ccccc21,-2.13522866640495,0
CCR2-decoy_225,CO/N=C(\Cc1c[nH]c2ccc(Br)cc12)C(=O)NCCSSCCNC(=O)/C(Cc1c[nH]c2ccc(Br)cc12)=N/OC,-2.10305500576666,0
CCR2-decoy_406,COc1cc(OC)c(NC(=O)c2ccc(N3CC4CC(C3)c3cccc(=O)n3C4)c([N+](=O)[O-])c2)cc1Cl,-2.02434867005776,0
CCR2-decoy_462,COC(=O)/C=C\C(=O)N1CCC(Oc2cc3c(Nc4ccc(Cl)c(Cl)c4F)ncnc3cc2OC)CC1,-1.99369057008892,0
CCR2-decoy_150,C=CCN(c1ccccc1)S(=O)(=O)c1cccc(C(=O)N2CCN(c3ncccn3)CC2)c1,-1.90557110540529,0
CCR2-decoy_348,CCCC[C@@]1(OC(=O)CCC(=O)OC)CC[C@]2(CC[C@H](C)[C@@H](C/C=C(C)/C=C/[C@H](O)[C@@H](C)/C=C/C(=O)OC)O2)O[C@H]1/C=C/C(C)=C/C(=O)OC,-1.88767252115685,0
CCR2-decoy_545,CCCCc1nc2ccc(C3CC(C(=O)OCC)=NO3)cc2c(=O)n1Cc1ccc(c2ccccc2C2=NNN=N2)cc1,-1.77879708950348,0
CCR2-decoy_527,Cc1cc(N2CCC(C)CC2)nc2ccc(NC(=O)CCC(=O)N3CCN(c4ccccc4F)CC3)cc12,-1.77041174121966,0
CCR2-decoy_81,COc1ccc(S(=O)(=O)NCC(=O)N(CC(=O)NC(C)(C)C)Cc2cccs2)cc1,-1.72662739976992,0
CCR2-decoy_263,COC(=O)[C@H](NC(=O)[C@@H](CC(C)C)NC(=O)N(CC(C)C)C[C@@H](O)[C@@H](Cc1ccccc1)NC(=O)OC(C)(C)C)C(C)C,-1.56739058373274,0
CCR2-decoy_207,CCOP(=S)(OCC)Oc1ccc2c(c1)OC(=O)[C@]1(Cl)[C@@]2(C)[C@]2(Cl)C(=O)Oc3cc(OP(=S)(OCC)OCC)ccc3[C@]12C,-1.54021624970197,0
CCR2-decoy_415,CC(NC(=O)c1nn(c2ccccc2Cl)c(c2ccc(Br)cc2)c1Cn1cncn1)C(C)(C)C,-1.51215677467444,0
CCR2-decoy_324,COc1ccc(COC(=O)NC(C(=O)N[C@@H](Cc2ccccc2)[C@@H](O)C[C@H](Cc2ccccc2)NC(=O)OCc2cccnc2)C(C)C)nc1,-1.36334174122807,0
CCR2-decoy_203,COc1cc(/C=C/C(=O)/C=C/c2cc(OC)c(OC)c(OC)c2)ccc1OCc1cn(CCCOc2cc(=O)oc3ccccc23)nn1,-1.32934664913181,0
CCR2-decoy_123,COc1ccc([C@@H]2C[C@@H](SC3CCCC3)[C@H](C(=O)[O-])CN2S(=O)(=O)c2ccccc2C)cc1,-1.07779477027354,0
CCR2-decoy_303,COc1cc(OC)cc([C@@H](C(=O)N2CCCC[C@H]2C(=O)O[C@H](CCc2ccc(OC)c(OC)c2)c2cccc(OCC(=O)[O-])c2)C2CCCCC2)c1,-0.798718883449648,0
CCR2-decoy_397,COc1ccc(CC[C@@H](OC(=O)[C@@H]2CCCCN2C(=O)c2cccc3ccccc23)c2cccc(OCC(=O)[O-])c2)cc1OC,-0.23341663180831,0