ligand_id,SMILES,BE_avg,is_active
CCR2-decoy_407,O=C(Nc1ccccc1)/C(=C/[C@@H]1O[C@H](c2ccccc2)O[C@@H]2CO[C@@H](c3ccccc3)O[C@@H]12)C(=O)c1ccccc1,-9.2998469096475,0
CCR2-decoy_491,COc1ccc2nc(NC(=O)C(=O)C(C(=O)c3ccccc3c3ccccc3)C3OC(=O)c4ccccc43)sc2c1,-9.0424469096475,0
CCR2-decoy_448,CC1=NN(c2ccccc2)C(=O)/C1=C(/Nc1c(C)n(C)n(c2ccccc2)c1=O)c1c(C)n(C)n(c2ccccc2)c1=O,-8.8879469096475,0
CCR2-decoy_231,Cc1ccc(S(=O)(=O)N2C(C)C2CO[C@@H]2O[C@@H]3CO[C@H](c4ccccc4)O[C@@H]3[C@H](OCc3ccccc3)[C@H]2OCc2ccccc2)cc1,-8.887646909647499,0
CCR2-decoy_238,Cc1ccc(S(=O)(=O)N2CC2(C)CO[C@@H]2O[C@@H]3CO[C@H](c4ccccc4)O[C@@H]3[C@H](OCc3ccccc3)[C@H]2OCc2ccccc2)cc1,-8.849946909647501,0
CCR2-decoy_488,CSc1nn2cc(c3nc4c(OC[C@@H]5CCCN5C(=O)[C@H](NC(=O)c5ccccc5)c5ccccc5)cccc4o3)nc2s1,-8.765146909647498,0
CCR2-decoy_321,Cc1ccc(S(=O)(=O)N2CC2CO[C@@H]2O[C@@H]3CO[C@H](c4ccccc4)O[C@@H]3[C@H](OCc3ccccc3)[C@H]2OCc2ccccc2)cc1,-8.7439469096475,0
CCR2-decoy_379,Cc1cccc(C)c1OCC(=O)N[C@@H](Cc1ccccc1)C(O)C[C@H](Cc1ccccc1)NC(=O)[C@@H]1CN(c2cccc(C(F)(F)F)c2)C(=O)O1,-8.651146909647498,0
CCR2-decoy_487,COc1cc2c(cc1OC)CN(C(=O)C1CCN(C(=O)c3cccc(Cc4nnc(O)c5ccccc45)c3)CC1)CC2,-8.644946909647498,0
CCR2-decoy_458,N#Cc1ccc(Nc2nc(Oc3ccnc4ccccc34)nc(N3CCN(c4ccccn4)CC3)n2)cc1C(F)(F)F,-8.5630469096475,0
CCR2-decoy_426,COC(=O)[C@@]12C[C@@H](CC(=O)NCc3ccc(C)o3)C(=O)N(Cc3cccc4ccccc34)C1=CCC(C)(C)C2,-8.3908469096475,0
CCR2-decoy_350,C=CCCNc1nc(NCc2ccc(c3ccccc3)cc2)nc(N2CCC[C@@H]2CNS(=O)(=O)c2ccc(C(F)(F)F)cc2)n1,-8.381446909647497,0
CCR2-decoy_422,C[C@H]1CC[C@H](Cn2c(N3CCOC[C@H]3c3ccccn3)nc3cc(c4noc(=O)[nH]4)nc(c4cncc(Cl)c4)c32)CC1,-8.3676469096475,0
CCR2-decoy_500,CC1=CCC[C@H]2[C@@]1(C)[C@@H](OC(=O)c1cccnc1)[C@H](OC(=O)c1ccccc1)[C@](C)(O)[C@]2(C)/C=C/C1=CC(=O)OC1,-8.360846909647499,0
CCR2-decoy_403,CCN1C(=O)CN(c2nc3cc(c4noc(=O)[nH]4)nc(c4cncc(Cl)c4)c3n2C[C@H]2CC[C@H](C)CC2)[C@@H]2CCC[C@H]21,-8.3377469096475,0
CCR2-decoy_453,Cn1cc(c2c(COc3cccc4ccccc34)cc(=O)n3c2SC[C@H]3C(=O)NS(C)(=O)=O)c2ccccc21,-8.2982469096475,0
CCR2-decoy_364,CC(C)C[C@H](NC(=O)[C@H](Cc1ccccc1)NC(=O)C[C@@H](NC(=O)c1ccc2ccccc2c1)c1ccccc1)C(=O)[C@@]1(C)CO1,-8.290946909647499,0
CCR2-decoy_449,CC(Cc1ccccc1)NC(=O)CSc1nc2nc3c(cc2c(=O)n1c1ccccc1)COC(C)(C)C3,-8.2257469096475,0
CCR2-decoy_515,CC1CC(=O)N(CC(=O)N(C)C)N=C1c1ccc2nc(C3CC3)n(Cc3ccc(c4ccccc4C4=NNN=N4)cc3)c2c1,-8.210246909647498,0
CCR2-decoy_282,CS(=O)(=O)N(c1ccc(F)cc1)c1cc(C(=O)N[C@@H](Cc2ccccc2)[C@H](O)C[NH2+]Cc2cccc(C(F)(F)F)c2)cc(N2CCCC2=O)c1,-8.2042469096475,0
CCR2-decoy_298,O=C(N[C@@H](Cc1ccccc1)P(=O)(O)[C@@H]1CCC[C@H]1C(=O)N[C@@H](Cc1c[nH]c2ccccc12)C(=O)[O-])OCc1ccccc1,-8.1518469096475,0
CCR2-decoy_333,C[C@](Cc1c[nH]c2ccccc12)(NC(=O)OC1C2CC3CC(C2)CC1C3)C(=O)NC[C@H](NC(=O)CCNC(=O)C(F)(F)F)c1ccccc1,-8.124846909647498,0
ASD10910010,O=C(NCc1c[nH]nn1)c1ccc(Oc2ncc(Cl)cc2NS(=O)(=O)c2ccc(Cl)c(C(F)(F)F)c2)cc1,-8.0699469096475,1
CCR2-decoy_443,COc1ccccc1c1nc(c2nc3ccccc3[nH]2)c(N2CCN(C(=O)Cn3cnc4cccnc43)[C@H](C)C2)s1,-8.0632469096475,0
CCR2-decoy_371,CC(C)COc1cc(C(=O)N[C@@H](Cc2ccc3ccccc3c2)C(=O)[O-])ccc1NC(=O)[C@@H]([NH3+])Cc1ccc2ccccc2c1,-8.0463469096475,0
CCR2-decoy_528,CCCCNC(=O)C1C(c2ccc(C(F)(F)F)cc2)=Nc2ccccc2N1C(=O)C1CCN(C(C)=O)CC1,-8.042246909647499,0
CCR2-decoy_409,O=C(Cn1cc(Cc2cncnc2)c(=O)nc1SCc1ccc(F)cc1)NCc1cccc(c2ccccc2)c1,-8.0290469096475,0
CCR2-decoy_532,CS(=O)(=O)Nc1c(Cc2cccc3ccccc23)cc(=O)n2c1SCC2n1cc(c2ccccc2)nn1,-8.0251469096475,0
CCR2-decoy_728,Cc1ccc(C2(c3ccc(O)cc3)C(=O)Nc3c2ccc(F)c3F)cc1,-8.0245469096475,0
CCR2-decoy_362,COc1ccc(C(=O)/C=C/c2ccc(OCc3cn(C4C(=O)N(c5ccc(C)cc5)C4/C=C/c4ccccc4)nn3)c(OC)c2)cc1,-8.000046909647498,0
CCR2-decoy_457,CC(C)(C)OC(=O)N[C@@H](Cc1ccccc1)[C@@H](O)C[C@H](C(=O)NC1c2ccccc2C[C@@H]1O)C(=O)c1ccccc1,-7.997146909647499,0
CCR2-decoy_464,CC1=CCC[C@H]2[C@@]1(C)[C@@H](OC(=O)c1cccnc1)[C@H](OC(=O)c1cccnc1)[C@](C)(O)[C@]2(C)/C=C\C1=CC(=O)OC1,-7.994246909647498,0
CCR2-decoy_147,O=C([O-])COc1cccc2c1CCC(Cn1ncc(c3ccccc3)c(c3cccc(F)c3)c1=O)C2,-7.990146909647498,0
CCR2-decoy_425,COc1ccc(/C=N/n2c(S)nnc2Cn2nc(Cc3ccc(C)cc3)n(CCc3c[nH]c4ccccc34)c2=O)cc1,-7.988846909647497,0
CCR2-decoy_319,CC(=O)N[C@H](C(=O)N[C@@H](Cc1ccccc1)C[C@H](O)[C@H](Cc1ccccc1)NC(=O)[C@@H]1CN(c2cccc(C(C)=O)c2)C(=O)O1)C(C)C,-7.987146909647498,0
CCR2-decoy_401,O=C(NCc1ccco1)c1cccc2c1C(=O)c1ccc(N3CCC(Cc4ccccc4)CC3)cc1S2(=O)=O,-7.9804469096474975,0
CCR2-decoy_469,CC(C)C(=O)N1C[C@H](C)N(c2nc3cc(c4nc(=O)o[nH]4)nc(c4cncc(Cl)c4)c3n2C[C@H]2CC[C@H](C)CC2)[C@@H](C)C1,-7.977146909647499,0
CCR2-decoy_131,Cc1ccc(C(=O)OCC2OC(N3C=CSCC3=O)C[C@H]2OC(=O)c2ccc(C)cc2)cc1,-7.9755469096475,0
CCR2-decoy_386,Cc1ccc(C(=O)Nc2cc(N(C)CC[NH+](C)C)cc(C(F)(F)F)c2)cc1Nc1ncnc2cnc(NCCc3ccccc3)nc12,-7.966646909647499,0
CCR2-decoy_157,O=C([O-])COc1cccc2c1CCC(Cn1cc(C(c3ccccc3)c3cccnc3)cn1)C2,-7.959146909647501,0
CCR2-decoy_548,CCCc1c(Cc2ccc(c3ccccc3c3nc(=O)o[nH]3)cc2)c(=O)n([C@H]2CC[C@H](OCC(C)=O)CC2)c2ccnn12,-7.956746909647499,0
CCR2-decoy_64,O=C([O-])c1ccc(Oc2nccc(c3c(c4ccc(F)cc4)ncn3C3CC[NH2+]CC3)n2)cc1,-7.948446909647498,0
CCR2-decoy_110,COc1cccc([C@@H]2C[C@@H](SCc3ccccc3)[C@H](C(=O)[O-])CN2S(=O)(=O)c2ccc(C)cc2)c1,-7.946046909647498,0
CCR2-decoy_382,Cc1ccc(C(=O)CC2=Nc3nnc(CCCCCCCc4nnc5n4C(=O)C(CC(=O)c4ccc(C)cc4)=N5)n3C2=O)cc1,-7.9405469096475,0
CCR2-decoy_435,Cc1ccc(NCc2cn(Cc3nc4cccc(C)c4c(=O)n3c3ccccc3C(F)(F)F)nn2)cc1C,-7.9368469096475,0
CCR2-decoy_482,CCCCc1nc(C)c(CCC(=O)N2CC(C)OC(C)C2)c(=O)n1Cc1ccc(c2ccccc2C2=NN=NN2)cc1,-7.932246909647498,0
CCR2-decoy_522,COc1ccc(c2ccc3c(N4CCOC[C@@H]4C)nc(c4cccc(c5ccccc5)c4)nc3n2)cc1CO,-7.930846909647499,0
ASD10910012,O=C(NCc1c[nH]nn1)c1ccccc1Oc1ccc(Cl)cc1NS(=O)(=O)c1ccc(Cl)c(Cl)c1,-7.9244469096475,1
CCR2-decoy_297,CC(Cc1c[nH]c2ccccc12)(NC(=O)OC1[C@H]2C[C@@H]3C[C@@H](C[C@H]1C3)C2)C(=O)NCC[C@H](NC(=O)CCC(=O)[O-])c1ccccc1,-7.917946909647499,0
CCR2-decoy_243,CC(C)C[C@H](NC(=O)[C@H](CC(C)C)NC(=O)N1CCCCC1)C(=O)N[C@@H](Cc1c[nH]c2ccccc12)C(=O)N1CCC[C@H]1COc1ccc(F)cc1,-7.901646909647499,0
CCR2-decoy_287,Cc1cc(N)cc(C)c1OCC(=O)N[C@@H](Cc1ccccc1)C[C@H](O)[C@H](Cc1ccccc1)NC(=O)OC1COC2OCCC12,-7.8870469096474976,0
CCR2-decoy_380,O=c1cc(c2ccccc2)oc2cc(OCCOCc3cn(CCOc4cccc5c(=O)cc(c6ccccc6)oc45)nn3)ccc12,-7.878446909647501,0
CCR2-decoy_452,CC(C)(C)OC(=O)N[C@@H](Cc1ccccc1)[C@@H](O)C[C@@H](Cc1ccc(O)cc1)C(=O)NC1c2ccccc2C[C@@H]1O,-7.863946909647498,0
CCR2-decoy_345,COc1ccc(Cn2c(CCc3ccccc3)nnc2[C@@H](Cc2c[nH]c3ccccc23)NC(=O)CNC(=O)C2(C#N)CCOCC2)cc1,-7.8419469096475,0
CCR2-decoy_402,Cc1ccc(n2nc(C3CCN([S+]([O-])c4sc(C)nc4C)CC3)cc2NC(=O)c2cnn3cccnc23)cc1,-7.839846909647498,0
CCR2-decoy_711,Nc1cncc(c2ccc3noc(c4ccc(C(F)(F)F)cc4)c3c2)n1,-7.8273469096475,0
CCR2-decoy_136,CN(C)c1ccc(Cn2cnc3c2C[C@@H](C(=O)[O-])N(C(=O)C(c2ccccc2)c2ccccc2)C3)cc1,-7.815446909647498,0
CCR2-decoy_290,CC(C)C[C@H](NC(=O)c1cc2c(OC(C)C)cccc2[nH]1)C(=O)N[C@@H](C[C@@H]1CCNC1=O)C(=O)c1nc2ccccc2s1,-7.800646909647499,0
CCR2-decoy_220,CC(C)[C@H](NC(=O)CCc1cccnc1)C(=O)NC(Cc1ccc(OCc2ccccc2)cc1)C(=O)C(F)(F)C(=O)NCc1ccccc1,-7.789246909647498,0
CCR2-decoy_524,O=S(=O)(c1ccc(Br)cc1)c1nnn2c1nc(NCCc1ccccc1)c1sccc12,-7.783846909647499,0
CCR2-decoy_475,CCCCc1nn(c2ccccc2C(F)(F)F)c(=O)n1Cc1ccc(c2ccccc2S(=O)(=O)NC(=O)C(C)(C)C)cc1,-7.774746909647499,0
CCR2-decoy_349,O=C(Nc1ccccc1C(=O)N[C@@H](Cc1ccccc1)C[C@H](O)[C@H](Cc1ccccc1)NC(=O)OCc1cncs1)OCc1ccccn1,-7.7489469096475005,0
CCR2-decoy_325,CO[C@H]1O[C@@H]([C@@H](O)C(=O)OCc2ccccc2)[C@@H](OCc2ccccc2)[C@@]2(OCc3ccccc3)[C@@H](OCc3ccccc3)CO[C@@H]12,-7.747546909647499,0
CCR2-decoy_397,COc1ccc(CC[C@@H](OC(=O)[C@@H]2CCCCN2C(=O)c2cccc3ccccc23)c2cccc(OCC(=O)[O-])c2)cc1OC,-7.744246909647499,0
CCR2-decoy_305,CC(C)(C)OC(=O)N[C@@H](Cc1ccc(O)cc1)C(=O)N[C@H](Cc1cn(C=O)c2ccccc12)C(=O)N[C@@H](Cc1ccccc1)C(=O)OCc1ccccc1,-7.7423469096475,0
CCR2-decoy_302,CC(C)(C)OC(=O)N[C@@H](Cc1ccccc1)C[C@H](O)[C@H](Cc1ccccc1)NC(=O)c1ccccc1NC(=O)OCc1ccccn1,-7.7304469096475,0
CCR2-decoy_738,O=C(COC(=O)c1ccc2ccccc2c1)c1cc2c3c(c1)CC(=O)N3CCC2,-7.729546909647499,0
CCR2-decoy_433,C/C(S)=N/C[C@H]1CN(c2ccc(N3CCN(C(=O)/C=C/c4c[nH]c5ccccc45)CC3)c(F)c2)C(=O)O1,-7.728046909647499,0
CCR2-decoy_361,CC(C)C[C@]1(NC(=O)[C@@H](NC(=O)[C@H](Cc2ccccc2)NC(=O)Cc2cccc(Oc3ccccc3)c2)C(C)C)CNC1=O,-7.7267469096475,0
CCR2-decoy_399,O=C(c1cccc2c(NCCC[NH2+]CCCNc3c4ccccc4nc4c(C(=O)N5CCOCC5)cccc34)c3ccccc3nc12)N1CCOCC1,-7.724946909647498,0
CCR2-decoy_292,Cc1c(C)c(S(=O)(=O)N(CCCCN2C(=O)c3ccccc3C2=O)OCCCN2C(=O)c3ccccc3C2=O)c(C)c2c1OC(C)(C)CC2,-7.723646909647501,0
CCR2-decoy_394,COc1ncc(Cc2cn(CCCC(=O)NCc3ccc(c4ccccc4)cc3)c(SCc3ccc(F)cc3)nc2=O)cn1,-7.7225469096475,0
CCR2-decoy_308,Cc1ccccc1CNC(=O)[C@H]1N(C(=O)[C@@H](O)[C@H](Cc2ccccc2)NC(=O)COc2c(C)cc(N(C)C)cc2C)CSC1(C)C,-7.722146909647501,0
CCR2-decoy_485,CCCCc1nc2ccn(Cc3ccccc3[N+](=O)[O-])c(=O)c2n1Cc1ccc(c2ccccc2C2=NNN=N2)cc1,-7.709246909647499,0
CCR2-decoy_486,COn1c(NC(C)c2ccc(C(F)(F)F)cc2)nc2c(c1=O)CN(C(=O)c1cc(c3cccs3)n(C)n1)CC2,-7.707646909647499,0
CCR2-decoy_494,CCOC(=O)[C@]1(C)CCC[C@@]2(C)[C@@H]3CC[C@@]4(C)C[C@]3(CC[C@@H]21)[C@H](Cn1cc(COc2cccc(C=O)c2)nn1)[C@H]4O,-7.7041469096475,0
CCR2-decoy_461,Cc1ccc(n2nc(C3CCN([S+]([O-])c4c(Cl)cccc4Cl)CC3)cc2NC(=O)c2cnn3cccnc23)cc1,-7.703446909647501,0
CCR2-decoy_526,Cc1ccc(c2noc(C3CC(F)(F)C3)n2)cc1NC(=O)c1cnc2cc(C3CCN(S(C)(=O)=O)CC3)ccn12,-7.700246909647499,0
CCR2-decoy_246,CC(=O)OCOC(=O)c1ccc(/C(Cl)=C/[C@@H]2C=C(C)C[C@H]3C[C@H](CCn4cc(Cc5ccccc5)nn4)C=C[C@@]23C(=O)OCOC(C)=O)cc1,-7.697746909647499,0
CCR2-decoy_274,Cc1cncc(CN(C)C(=O)NC(C(=O)N[C@@H](Cc2ccccc2)[C@@H](O)C[C@H](Cc2ccccc2)NC(=O)OCc2cccnc2)C(C)C)n1,-7.695446909647499,0
CCR2-decoy_222,CC(C)C[C@H](NC(=O)N1CCC(C(=O)Nc2ccc(Cl)cc2)CC1)C(=O)N[C@@H](Cc1ccccc1)C(=O)N[C@@H](CC(C)C)C(=O)[C@@]1(C)CO1,-7.6928469096475,0
CCR2-decoy_423,CCCCc1nc2ccn(C(C(=O)N(C)C)c3ccccc3)c(=O)c2n1Cc1ccc(c2ccccc2C2=NNN=N2)cc1,-7.685846909647499,0
CCR2-decoy_163,Cc1ccccc1COc1nc(N2CCC[C@@H](CC(=O)[O-])C2)ccc1C(=O)NC1CCCCC1,-7.6849469096475005,0
CCR2-decoy_516,C/C(=N\n1c(/N=C/c2ccccc2C)c(C#N)c(c2ccc([N+](=O)[O-])cc2)c(C#N)c1=O)c1nc2ccccc2[nH]1,-7.674846909647499,0
CCR2-decoy_323,CC(C)C(NC(=O)OCc1cccc(C(C)(C)C)n1)C(=O)N[C@@H](Cc1ccccc1)[C@@H](O)C[C@H](Cc1ccccc1)NC(=O)OCc1cccnc1,-7.659946909647499,0
CCR2-decoy_544,Clc1ccc2c(NCCn3cnc4c(N5CCN(c6ccccc6)CC5)nc(Cl)nc43)ccnc2c1,-7.653346909647499,0
CCR2-decoy_745,O=C1/C(=C\c2ccc([N+](=O)[O-])cc2)c2ccccc2N1Cc1ccccc1,-7.6445469096475,0
CCR2-decoy_264,CCOc1nc(N)nc2c1ncn2[C@@H]1O[C@](F)(COP(=O)(N[C@@H](C)C(=O)OCC(C)C)Oc2cccc3ccccc23)[C@@H](O)[C@@]1(C)F,-7.6438469096475,0
CCR2-decoy_466,CCC(C)C(=O)O[C@@H]1[C@@H]2OC[C@]3(C)[C@H](OC(C)=O)C[C@H](O)[C@](C)([C@H]4CC[C@@](C)([C@@H](C)[C@H]5COC(=O)C5)C[C@]14C)[C@@H]23,-7.643646909647501,0
CCR2-decoy_527,Cc1cc(N2CCC(C)CC2)nc2ccc(NC(=O)CCC(=O)N3CCN(c4ccccc4F)CC3)cc12,-7.642446909647498,0
CCR2-decoy_509,COc1ccc(c2cc(c3ccc4c(c3)CCCC4)nc(OCC(=O)NCc3ccccc3)c2C#N)cc1OC,-7.634446909647499,0
CCR2-decoy_603,Cc1cccc(Cn2nc(C)n3c(cc4cc(C)ccc43)c2=O)c1,-7.628946909647499,0
CCR2-decoy_185,O=C(Cc1ccccc1)OC1C=CC(n2ccc(=O)n(Cc3cc(F)cc(F)c3)c2=O)C1,-7.622846909647501,0
CCR2-decoy_354,CC(C)(C)OC(=O)N[C@@H](Cc1ccccc1)[C@@H](O)C[C@@H](Cc1ccc(CCCO)cc1)C(=O)N[C@H]1c2ccccc2C[C@H]1O,-7.620046909647499,0
CCR2-decoy_468,C[C@@H]1CC[C@H]2[C@@H](C)[C@H](OC(=O)CCC(=O)Oc3ccc(Nc4ncnc5ccccc45)cc3)O[C@@H]3O[C@]4(C)CC[C@@H]1[C@@]23OO4,-7.619046909647499,0
CCR2-decoy_130,Cc1cc(F)c(F)cc1c1ccc(OCc2cccc(CN3[C@H](C(=O)[O-])CCS3(=O)=O)c2)cc1,-7.6148469096474996,0
CCR2-decoy_176,O=C([O-])CC/C=C\C[C@@H]1CN(S(=O)(=O)c2cccc3cnccc23)C[C@H]1c1ccccc1O,-7.6148469096474996,0
CCR2-decoy_307,Cc1cncc(CN(C)C(=O)NC(C(=O)N[C@@H](Cc2ccccc2)C[C@H](O)[C@H](Cc2ccccc2)NC(=O)OCc2cccnc2)C(C)C)n1,-7.6114469096475,0
CCR2-decoy_310,CC(C)[C@H](C[C@H](O)[C@H](CC1CCCCC1)NC(=O)[C@@H](NC(=O)COc1cccc2ccccc12)C(C)C)C(=O)N[C@@H](CO)C(=O)N(C)c1ccccn1,-7.610946909647501,0
CCR2-decoy_256,CCCN(CCC)C(=O)c1cccc(C(=O)N[C@@H](Cc2ccccc2)[C@H](O)C[NH+]2C[C@H]3CCCC[C@H]3C[C@H]2C(=O)NC(C)(C)C)c1,-7.608546909647499,0
CCR2-decoy_472,CCOc1nc2cccc(C(=O)OCOC(=O)C3CCCCC3)c2n1Cc1ccc(c2ccccc2C2=NNN=N2)cc1,-7.606946909647499,0
CCR2-decoy_36,CC1(OC(=O)c2ccccc2)COC2=C(Cl)C(=O)C(=O)c3cccc1c32,-7.6062469096475,0
CCR2-decoy_137,Cc1cccc(N2CCN(C(=O)CN(/N=C/c3cccc(Cl)c3)C(=O)c3ccncc3)CC2)c1,-7.604846909647499,0
ASD10910011,O=C(NCc1c[nH]nn1)c1ccc(Oc2ccc(Cl)cc2NS(=O)(=O)c2ccc(Cl)c(Cl)c2)cc1,-7.603946909647499,1
CCR2-decoy_414,Cc1ccc(/C=N/NC(=O)COc2ccc(N3CC4=C(CC(C)(C)CC4=O)N(c4ccc(Cl)cc4)C3)cc2)cc1,-7.5975469096475,0
CCR2-decoy_278,C=CCOC1C[C@H](OCc2ccccc2)C[C@@H](/C=C/c2c(C(C)C)nc(N(C)S(C)(=O)=O)nc2c2ccc(F)cc2)O1,-7.596246909647498,0
CCR2-decoy_341,CC[C@H](C)CNC(=O)C[C@H](O)[C@H](CC(C)C)NC(=O)C(NC(=O)C(Cc1cccc2ccccc12)Cc1cccc2ccccc12)S(=O)(=O)C(C)C,-7.588446909647499,0
CCR2-decoy_358,Cc1ccccc1OS(=O)(=O)C1CC2OC1C(c1ccc(NC(=O)CCCCCCC(=O)NO)cc1)=C2c1ccc(O)cc1,-7.588346909647498,0
ASD10910004,O=C(CCCn1ccnn1)C1=C(O)C(=O)N(c2ccc(Cl)cc2F)C1C1CCCCC1,-7.574446909647499,1
CCR2-decoy_352,CCCOC(=O)[C@H](Cc1ccccc1)NP(=O)(CO[C@@H]1C=C(F)[C@H](n2cnc3c(N)ncnc32)O1)Oc1ccccc1,-7.5708469096475,0
CCR2-decoy_205,CCCCCCCc1cc(O[C@@H]2O[C@@H](C)[C@H](OC)[C@@H](OC(=O)c3ccc(C)[nH]3)[C@H]2O)c(C)c2oc(=O)c(C(=O)NS(=O)(=O)c3ccccc3)cc12,-7.568246909647501,0
CCR2-decoy_503,CC1=CCC[C@H]2[C@@]1(C)[C@@H](OC(=O)c1cccnc1)[C@H](OC(=O)C(C)C)[C@](C)(O)[C@]2(C)/C=C/C1=CC(=O)OC1,-7.568246909647501,0
CCR2-decoy_38,COC(=O)C1C([O-])=C(/C(C)=N/c2cccc3ccccc23)C(=O)CC1(C)C,-7.563746909647499,0
CCR2-decoy_337,COc1ccc(S(=O)(=O)N(Cc2ccc3c(c2)OCO3)[C@H](CCC(=O)NCc2ccc(c3ccccc3)cc2)C(=O)NO)cc1,-7.5547469096475,0
CCR2-decoy_477,COc1cc(/C=C2/SC(=O)NC2=O)ccc1OCc1nc2ccccc2c(=O)n1c1ccc(C(F)(F)F)cc1,-7.546346909647499,0
CCR2-decoy_206,Cc1cncc(CN(C)C(=O)NC(C(=O)N[C@@H](Cc2ccccc2)[C@@H](O)C[C@H](Cc2ccccc2)NC(=O)OCc2cccnc2)C(C)C)c1,-7.545946909647499,0
CCR2-decoy_455,COc1ccc(C(=O)OC2C(C(=O)OCc3ccccc3)=C(C)NC(C)=C2C(=O)OCc2ccccc2)cc1OC,-7.544146909647497,0
CCR2-decoy_314,CC(C)C(NC(=O)OCc1cnco1)C(=O)N[C@@H](Cc1ccccc1)C[C@H](O)[C@H](Cc1ccccc1)NC(=O)OCc1cccnc1,-7.5435469096475005,0
CCR2-decoy_332,CCOC(=O)CNC(=O)C(=O)C(COCc1ccccc1)NC(=O)[C@H](CC1CCCCC1)NC(=O)Cc1cccc2ccccc12,-7.540846909647501,0
CCR2-decoy_537,O=c1n(Cc2nc(c3ccccc3C(F)(F)F)no2)nc(c2ccc(Cl)cc2)n1C[C@H](O)C(F)(F)F,-7.536946909647499,0
CCR2-decoy_460,O=C(COc1ccc(Br)cc1Br)N1N=C(c2ccc([N+](=O)[O-])o2)CC1(O)c1ccccc1,-7.534546909647498,0
CCR2-decoy_432,COc1ccc(COc2ccc3c(C4=C(c5cn(C)c6ccc(Br)cc56)C(=O)NC4=O)coc3c2)cc1,-7.530846909647499,0
CCR2-decoy_120,C[C@@H]1CN(c2ccc(F)cc2C(F)(F)F)CCN1S(=O)(=O)c1cccc(OC(C)(C)C(=O)[O-])c1,-7.529346909647498,0
CCR2-decoy_545,CCCCc1nc2ccc(C3CC(C(=O)OCC)=NO3)cc2c(=O)n1Cc1ccc(c2ccccc2C2=NNN=N2)cc1,-7.528146909647498,0
CCR2-decoy_125,Cc1cccc(N2CCN(C(=O)CN(/N=C/c3ccccc3Cl)C(=O)c3ccncc3)CC2)c1,-7.527646909647499,0
CCR2-decoy_343,CCOC(=O)c1ccccc1NC(=O)CCC(NC(=O)CCC(C)C1CCC2C3C(O)CC4CC(O)CCC4(C)C3CCC12C)C(=O)[O-],-7.515746909647499,0
CCR2-decoy_446,CC(=O)N1CCC(n2cc(Nc3ncc4c(n3)-c3c(nn(C)c3c3ccc(OC(F)F)cc3)CC4)cn2)CC1,-7.508946909647499,0
CCR2-decoy_324,COc1ccc(COC(=O)NC(C(=O)N[C@@H](Cc2ccccc2)[C@@H](O)C[C@H](Cc2ccccc2)NC(=O)OCc2cccnc2)C(C)C)nc1,-7.506446909647499,0
CCR2-decoy_743,CC1(C)Oc2ncnc(N)c2N=C1c1ccc(C2CCC(F)(F)CC2)cc1,-7.500246909647499,0
CCR2-decoy_172,COc1ccc(Cn2nnc(c3ccccc3)c2C(=O)N[C@@H](C)c2ccc(C(=O)[O-])cc2)cc1,-7.498546909647499,0
CCR2-decoy_531,COC(=O)C(C)CC(=O)C[C@@H](C)[C@H]1C[C@H](O)[C@@]2(C)C3=C(C(=O)C[C@]12C)[C@@]1(C)CCC(=O)C(C)(C)[C@@H]1CC3=O,-7.4893469096475,0
CCR2-decoy_390,CC[C@H](C)CNC(=O)C[C@H](O)[C@H](CC(C)C)NC(=O)C(NC(=O)C(Cc1cccc2ccccc12)Cc1cccc2ccccc12)[S+](C)[O-],-7.488046909647499,0
CCR2-decoy_139,CN(CCSC1c2ccccc2COc2ccc(C(=O)[O-])cc21)S(=O)(=O)c1ccccc1,-7.487646909647498,0
CCR2-decoy_440,O=c1[nH]nc(SCCS(=O)(=O)c2cccc(C(F)(F)F)c2)n1c1ccc(OCc2ccccc2)cc1,-7.485046909647499,0
CCR2-decoy_254,Cc1cn([C@H]2C[C@H](N=[N+]=[N-])[C@@H](COP(=O)(OCCS(=O)(=O)c3ccccc3)Oc3ccc(Cl)cc3)O2)c(=O)[nH]c1=O,-7.4830469096475,0
CCR2-decoy_236,CC(C)c1nc(COC(=O)NC(C(=O)N[C@@H](Cc2ccccc2)[C@@H](O)C[C@H](Cc2ccccc2)NC(=O)OCc2cccnc2)C(C)C)cs1,-7.472846909647499,0
CCR2-decoy_393,CC(C)OC(=O)[C@H](C)N[P@](=O)(OC[C@H]1O[C@@H](n2ccc(NC(=O)/C=C/c3ccccc3)nc2=O)[C@](C)(F)[C@@H]1O)Oc1ccccc1,-7.463746909647499,0
CCR2-decoy_296,CC(C)c1nc(CN(C)C(=O)NC(C(=O)N[C@@H](Cc2ccccc2)C[C@H](O)[C@H](Cc2ccccc2)NC(=O)OCc2cccnc2)C(C)C)cs1,-7.462746909647498,0
CCR2-decoy_368,CC(C)CC(NC(=O)[C@H](Cc1ccccc1)C[C@H](O)[C@H](Cc1ccccc1)NC(=O)OC(C)(C)C)C(=O)NCc1ccccc1,-7.4607469096475,0
CCR2-decoy_234,CCOC(=O)[C@H](Cc1c[nH]c2ccccc12)NP(=O)(OC[C@H]1O[C@@H](n2cc(/C=C/Br)c(=O)[nH]c2=O)C[C@@H]1O)Oc1ccccc1,-7.454946909647499,0
CCR2-decoy_408,Cc1cccc(C(=O)Oc2c(Br)cc(Br)cc2CC(=O)Nc2ccccc2[N+](=O)[O-])c1,-7.448746909647501,0
CCR2-decoy_742,Cc1nc2c3c(c(C(=O)N(C)C)cn2c1C)CC[C@H](c1ccccc1F)O3,-7.448246909647499,0
CCR2-decoy_162,O=C(CSc1nc2ccccc2c(=O)n1c1ccc(F)cc1)Nc1ccc(C(=O)[O-])cc1,-7.446946909647499,0
CCR2-decoy_233,CC(C)c1nc(CN(C)C(=O)NC(C(=O)N[C@@H](Cc2ccccc2)C[C@H](O)[C@H](Cc2ccccc2)NC(=O)OCc2ccno2)C(C)C)co1,-7.4451469096475,0
CCR2-decoy_506,COc1cc(c2nnc3n2CCCC3(Oc2cc(F)c(F)c(F)c2)C(C)(C)O)ccc1c1cnc(C)o1,-7.4436469096475,0
CCR2-decoy_459,C=C(C)[C@@H]1CC[C@]2(COS(N)(=O)=O)CC[C@]3(C)C(CC[C@@H]4[C@@]5(C)CC[C@H](OS(N)(=O)=O)C(C)(C)C5CC[C@]43C)C12,-7.436546909647498,0
CCR2-decoy_248,C=C(C)[C@@H]1CC[C@]2(C(=O)NCCCCCC(=O)NCC(=O)NCC(=O)[O-])CC[C@]3(C)[C@H](CC[C@@H]4[C@@]5(C)CC[C@H](O)C(C)(C)[C@@H]5CC[C@]43C)[C@@H]12,-7.433246909647499,0
CCR2-decoy_418,Cc1cnc(c2ccnc(C(C)(C)O)n2)cc1n1c(C)cc(OCc2ccc(F)cc2F)c(Cl)c1=O,-7.4329469096475,0
CCR2-decoy_706,O=C(CSc1nnc(c2ccc(F)cc2)o1)N1CCCc2ccccc21,-7.4283469096475,0
ASD10910005,O=C(CCCn1ccnn1)C1=C(O)C(=O)N(c2ccc(Br)cc2F)C1C1CCCCC1,-7.4277469096475,1
CCR2-decoy_748,Nc1ccc(C(=O)N2CCN(c3nc4ccccc4c4ccccc34)CC2)cc1,-7.4274469096475,0
CCR2-decoy_145,O=C(CN(/N=C/c1ccccc1Cl)C(=O)c1ccncc1)N1CCN(c2ccccc2)CC1,-7.4261469096475,0
CCR2-decoy_301,C=CCO/N=C(\Cn1c(=O)c2cc(CC)sc2n(Cc2ccc(c3ccccc3c3nc(=O)o[nH]3)cc2)c1=O)c1ccc(OC)cc1,-7.422146909647499,0
CCR2-decoy_250,CC(C)C(NC(=O)N(C)Cc1csc(C(C)(C)C)n1)C(=O)N[C@@H](Cc1ccccc1)C[C@H](O)[C@H](Cc1ccccc1)NC(=O)OCc1cccnc1,-7.418246909647498,0
CCR2-decoy_495,COCCO[C@H]1C[C@H](C(C)C)N(c2nc3cc(c4nc(=O)o[nH]4)nc(c4cncc(Cl)c4)c3n2C[C@H]2CC[C@H](C)CC2)C1,-7.416346909647499,0
CCR2-decoy_271,CC(C)(C)OC(=O)N[C@@H](Cc1ccccc1)[C@@H](O)C[C@@H](Cc1ccc(CCC[N+](C)(C)C)cc1)C(=O)N[C@H]1c2ccccc2C[C@H]1O,-7.4160469096475,0
CCR2-decoy_306,CC(C)CC(NC(=O)[C@@H](Cc1c(Br)[nH]c2ccccc12)NC(=O)C(CC(C)C)NC(=O)N1[C@@H](C)CCC[C@H]1C)C(=O)[O-],-7.415746909647498,0
CCR2-decoy_480,CC(=O)C1=C(C)N(c2cccc(C(F)(F)F)c2)C(=O)N(C)C1c1ccc(C#N)cc1C(=O)NCc1ccnn1C,-7.409146909647497,0
CCR2-decoy_275,CC(C)C(NC(=O)N(C)Cc1cscn1)C(=O)N[C@@H](Cc1ccccc1)[C@@H](O)C[C@H](Cc1ccccc1)NC(=O)OCc1cccnc1,-7.3952469096475,0
CCR2-decoy_389,O=C(NCCCNc1c2c(nc3ccccc13)CCCC2)c1sc(c2ccnc(NC(=O)C3CC3)c2)nc1OCC1CC1,-7.3839469096475,0
CCR2-decoy_230,COc1ccc(S(=O)(=O)N(CC(C)C)C[C@@H](O)[C@H](Cc2ccccc2)NC(=O)c2ccc3c(c2)[C@H](NC(=O)OC(C)(C)C)CCS3(=O)=O)cc1,-7.382846909647499,0
CCR2-decoy_388,O=C(Cc1cc2ccccc2o1)Cc1nnc(CCSCCc2nnc(NC(=O)Cc3cc4ccccc4o3)s2)s1,-7.382446909647498,0
CCR2-decoy_513,COc1cc2c(Nc3ccc(Cl)c(Cl)c3)ncnc2cc1OCc1noc(c2c(C)noc2C)n1,-7.381746909647499,0
CCR2-decoy_111,CCOC(=O)N1CCN(C(=O)CN(C2CCCCC2)S(=O)(=O)c2c(C)cc(C)cc2C)CC1,-7.3768469096475,0
CCR2-decoy_421,C=C(C)[C@@H]1C[C@H]2O[C@@]23C(=CC(=O)[C@]2(C)[C@@H](/C(C)=C/[C@H]4C[C@H](C)C(=O)O4)C[C@H](O)[C@]23C)[C@@]1(C)CCC(=O)OC,-7.359646909647499,0
CCR2-decoy_311,CCCCCOC(=O)[C@H](Cc1ccccc1)NP(=O)(OC[C@H]1O[C@@H](n2cc(/C=C/C(=O)OC)c(=O)[nH]c2=O)C[C@@H]1O)Oc1cccc2ccccc12,-7.3537469096475,0
CCR2-decoy_385,CC(C)CC(NC(=O)[C@H](Cc1ccccc1)C[C@H](O)[C@H](Cc1ccccc1)NC(=O)OC(C)(C)C)C(=O)NCCc1ccccc1,-7.346846909647499,0
CCR2-decoy_474,COc1ccc(CCNC(=O)C2CCN(S(=O)(=O)c3c(C)noc3/C=C/c3ccc(C)cc3)CC2)cc1OC,-7.3443469096475,0
CCR2-decoy_239,CC(C)C[C@H](NC(=O)OCc1ccccc1)C(=O)N[C@@H](CC(C)C)C(=O)N[C@@H](CC(C)C)C(O)C(=O)N1CCc2ccccc2C1,-7.343246909647499,0
CCR2-decoy_148,CC1(C)CCc2cc(S(=O)(=O)N(CC(=O)[O-])Cc3cccc(Oc4ccccc4)c3)ccc2O1,-7.3395469096475,0
CCR2-decoy_467,CCCc1nc(C(C)(C)O)c(C(=O)OCc2oc(=O)oc2C)n1Cc1ccc(c2ccccc2C2=NN=NN2)cc1,-7.339446909647499,0
CCR2-decoy_173,CCc1cc2c(cc1OCC(=O)NCC1CCC(C(=O)[O-])CC1)oc(=O)cc2c1ccccc1,-7.3383469096475,0
CCR2-decoy_215,CCC[C@H](NC(=O)[C@@H]1CN(c2ccc(c3ccccc3)cc2)CN1C(=O)[C@@H](NC(=O)OC1CCCC1)C(C)(C)C)C(=O)C(=O)NC1CC1,-7.3338469096475,0
CCR2-decoy_144,Cc1cn(c2ccc3n(c2=O)CCN(CCOc2ccc(F)cc2C(C)(C)C(F)(F)F)C3=O)cn1,-7.3332469096474995,0
CCR2-decoy_519,COc1ccccc1n1c(SCC(=O)Nc2nc3ccc(C(F)(F)F)cc3s2)nc2c(c1=O)SCC2,-7.323546909647499,0
CCR2-decoy_103,Cc1ccc(NC(=O)CN2C(=O)S/C(=C\c3ccc(c4cc(C(=O)[O-])ccc4C)o3)C2=O)cc1,-7.320046909647499,0
ASD10910002,CC(=O)C1=C(O)C(=O)N(c2ccc(Cl)cc2F)C1C1CCCCC1,-7.314246909647499,1
CCR2-decoy_377,CC(C)(C)NC(=O)c1ccccc1C[C@@H](O)[C@H](Cc1ccccc1)NC(=O)[C@H](CSc1ccc(C(F)(F)F)cc1)NS(C)(=O)=O,-7.306846909647499,0
CCR2-decoy_381,CCCCCC1=C(C(=O)NCCC[NH+]2CCC(c3ccccc3)(c3ccccc3)CC2)C(c2ccc([N+](=O)[O-])cc2)C(C(=O)NCC)=C(CC)N1,-7.3024469096475,0
CCR2-decoy_729,N#CC(c1cccnc1)c1cnn(Cc2cccc3ccccc23)c(=O)c1Cl,-7.2991469096475,0
CCR2-decoy_484,COc1cccc(CC(=O)N2CCOC(COc3cc4ncnc(Nc5ccc(Cl)c(Cl)c5)c4cc3OC)C2)c1,-7.2958469096475,0
CCR2-decoy_456,COc1cc2nccc(Oc3ccc(NC(=O)c4c(C)n(C)n(c5ccccc5)c4=O)cc3F)c2cc1Br,-7.2886469096474995,0
CCR2-decoy_606,O=C1c2ccccc2C(=O)c2c(/C=C\N3CCCCC3)ccnc21,-7.288446909647499,0
CCR2-decoy_744,Cn1c(=O)c2ccc(c3cccnc3)cc2n2nc(c3ccc(Cl)cc3)cc12,-7.2857469096475,0
CCR2-decoy_214,CCC/N=C/C1=Cc2cc3c(cc2[C@@H](c2cc(OC)c(OC)c(OC)c2)[C@@H]1C(=O)OCc1ccc(Cn2cnc4c(Cl)ncnc42)cc1)OCO3,-7.285246909647499,0
CCR2-decoy_228,Cc1ncc(COC(=O)N[C@@H](Cc2ccccc2)C[C@H](O)[C@H](Cc2ccccc2)NC(=O)C(NC(=O)N(C)Cc2csc(C(C)C)n2)C(C)C)s1,-7.284146909647498,0
CCR2-decoy_427,O=C(NC1(c2ccccc2)CC1)c1nn(c2ccccc2Cl)c(c2ccc(Cl)cc2)c1Cn1cncn1,-7.283846909647499,0
CCR2-decoy_212,CCC(c1ccccc1)C1(NC(=O)N[C@H](C(=O)N2C[C@H]3[C@@H]([C@H]2C(=O)NC(CC2CC2)C(=O)C(N)=O)C3(C)C)C(C)(C)C)CCCCC1,-7.281946909647497,0
CCR2-decoy_504,O=C(c1ccc(C2CCCCC2)cc1)N1CCC2(CC1)C(=O)N(CC(=O)N1CCCCC1CO)CN2c1ccccc1,-7.279946909647499,0
CCR2-decoy_197,Cc1cccc(Oc2c(/C=C3\SC(=S)N(CC(=O)[O-])C3=O)c(C)nn2c2ccccc2)c1,-7.2787469096474995,0
CCR2-decoy_318,C=C[C@@H]1C[C@]1(NC(=O)[C@@H]1CN(c2ccc(c3cccc(OC)c3)cc2)CN1C(=O)[C@@H](NC(=O)OC1CCCC1)C(C)(C)C)C(=O)NS(=O)(=O)C1CC1,-7.275946909647499,0
CCR2-decoy_211,CCCC(C)C(=O)N[C@H](C(=O)N[C@H](C(=O)N[C@@H](Cc1ccccc1)[C@H](O)C(=O)N1CSC(C)(C)[C@H]1C(=O)NCC(C)C)C(C)(C)C)c1ccccc1,-7.255346909647498,0
CCR2-decoy_86,COc1cccc(/C=C/C(=O)O[C@H]2[C@H](O)[C@@H](CO)O[C@H]3OC[C@@H](c4ccccc4)O[C@H]23)c1,-7.2541469096475,0
CCR2-decoy_122,COc1cc(F)c(F)cc1c1ccc(OCc2cccc(CN3[C@@H](C(=O)[O-])CCS3(=O)=O)c2)cc1,-7.253146909647498,0
CCR2-decoy_637,CC1=NN(c2ccccc2)C(=O)/C1=C/c1cn(C)c2ccccc12,-7.251546909647499,0
CCR2-decoy_132,CC(C)C1=CC2CC3(C=O)[C@@H]4CC[C@@H](C)[C@H]4CC2(CO[C@H]2C[C@H]4[C@H](OC[C@@H]4C)[C@@H](C)O2)C13C(=O)[O-],-7.2511469096475,0
CCR2-decoy_141,COC(=O)c1cc(F)c(F)cc1c1ccc(OCc2cccc(C(=O)N3CCC[C@H]3C(=O)[O-])c2)cc1,-7.248146909647498,0
CCR2-decoy_530,CC(C)C1CCCCN1C(=O)CN1C(=O)C(Cc2c[nH]c3ccccc23)c2nnc(c3ccccc3)n2-c2ccccc21,-7.239146909647499,0
CCR2-decoy_149,COc1ccccc1N1CCN(C(=O)c2cccc(C(=O)N3CCN(c4ccccc4OC)CC3)c2)CC1,-7.2390469096475005,0
CCR2-decoy_454,COC(=O)[C@H](O)[C@H]1C(C)(C)[C@H](C(=O)OCC(C)C)[C@@H]2CC3=C4CC(=O)O[C@@H](c5ccoc5)[C@]4(C)CC[C@@H]3[C@@]1(C)C2=O,-7.2372469096475,0
CCR2-decoy_245,CNC(=O)CCc1cn(Cc2ccc(C(=O)NS(=O)(=O)c3ccccc3C)cc2OC)c2cc(C(=O)NCC3CCCC3)ccc12,-7.236746909647499,0
CCR2-decoy_747,CCCCCN1C(=O)C2(CC(=O)c3cc4c(cc32)OCO4)c2ccccc21,-7.234846909647499,0
CCR2-decoy_17,CC(C)(C)n1nc(Cc2ccc3c(c2)OCO3)c2ccccc2c1=O,-7.230746909647498,0
CCR2-decoy_101,CC(Oc1ccc(F)cc1)c1nnc(SCC(=O)N(c2ccccc2)C2CCS(=O)(=O)C2)o1,-7.2295469096475005,0
CCR2-decoy_549,C[C@@H](n1cnc2cc(c3ccc(Cl)cc3)sc2c1=O)[C@](O)(Cn1cncn1)c1ccc(F)cc1F,-7.228846909647498,0
CCR2-decoy_632,Cc1nc(C2COC3(CCCCC3)O2)cc(c2ccccc2)n1,-7.221846909647498,0
CCR2-decoy_123,COc1ccc([C@@H]2C[C@@H](SC3CCCC3)[C@H](C(=O)[O-])CN2S(=O)(=O)c2ccccc2C)cc1,-7.220246909647498,0
CCR2-decoy_315,CCCCC(NC(=O)[C@@H](Cc1c(Br)[nH]c2ccccc12)NC(=O)C(CC(C)C)NC(=O)N1[C@@H](C)CCC[C@H]1C)C(=O)[O-],-7.220046909647499,0
CCR2-decoy_492,CC(=O)Nc1cc2c(=O)cc(c3ccc(C(=O)N[C@@H](CC(C)C)C(N)=O)cc3)oc2cc1N[C@H](C)C1CCCCC1,-7.215846909647499,0
CCR2-decoy_707,C[C@@H]1CC[C@H]2[C@H](CCCc3ccccc3)C(=O)O[C@@H]3O[C@@]4(C)CCC1[C@]32OO4,-7.2130469096475,0
CCR2-decoy_322,CCCN1C[C@@H]([C@H](O)[C@H](CC2CCCCC2)NC(=O)[C@H](Cc2c[nH]cn2)NC(=O)[C@H](Cc2ccccc2)NC(=O)OC(C)(C)C)OC1=O,-7.2040469096475,0
CCR2-decoy_119,COc1ccc(N(CC(=O)N2CCc3ccccc3C2)S(=O)(=O)c2c(C)nn(C)c2C)cc1,-7.2022469096474975,0
CCR2-decoy_387,C[C@@H]1CO[C@H]([C@H](O)[C@H](CC2CCCCC2)NC(=O)[C@H](Cc2c[nH]cn2)NC(=O)[C@H](Cc2ccccc2)NC(=O)OC(C)(C)C)C1,-7.200046909647499,0
CCR2-decoy_483,CCCCc1nn(c2ccccc2C(F)(F)F)c(=O)n1Cc1ccc(c2ccccc2S(=O)(=O)NC#N)cc1,-7.193646909647501,0
CCR2-decoy_299,C=C(C)[C@@H]1CC[C@]2(COC(=O)CC(C)CC(=O)[O-])CC[C@]3(C)[C@H](CC[C@@H]4[C@@]5(C)CC[C@H](OC(=O)CC(C)CC(=O)[O-])C(C)(C)[C@@H]5CC[C@]43C)[C@@H]12,-7.1915469096474975,0
CCR2-decoy_270,CCOC(=O)[C@@H](NP(=O)(OC[C@H]1O[C@@H](n2cc(/C=C/Br)c(=O)[nH]c2=O)C[C@@H]1O)Oc1cccc2ccccc12)C(C)C,-7.191346909647498,0
CCR2-decoy_490,O=C(CCl)OCCn1c(=O)oc2cc3ncnc(Nc4ccc(OCc5cccc(F)c5)c(Cl)c4)c3cc21,-7.181346909647499,0
CCR2-decoy_431,COc1cc(C(=O)N(C)C)ccc1Nc1ncc2c(n1)-c1c(nn(C)c1c1ccc(c3cnn(C)c3)cc1)CC2,-7.178346909647499,0
CCR2-decoy_718,Cc1cccc(n2nc(C)c3c(N4CCOCC4)nc4ccccc4c32)c1,-7.1773469096475,0
CCR2-decoy_395,CC(C)C[C@H](NC(=O)[C@H](CCc1ccccc1)CP(=O)(O)CCCCNC(=O)Cc1ccccc1)C(=O)Nc1ccccc1,-7.173946909647498,0
CCR2-decoy_367,CC(C)CN1C[C@@H]([C@H](O)[C@H](CC2CCCCC2)NC(=O)[C@H](Cc2c[nH]cn2)NC(=O)[C@H](Cc2ccccc2)NC(=O)OC(C)(C)C)OC1=O,-7.169746909647499,0
CCR2-decoy_104,CCN(C(=O)CSc1nc2ccccc2c(=O)n1Cc1ccc(C)cc1)C1CCS(=O)(=O)C1,-7.169546909647501,0
CCR2-decoy_535,O=C(Cc1cc(Br)cc(Br)c1OC(=O)c1ccccc1)Nc1ccccc1[N+](=O)[O-],-7.160046909647501,0
CCR2-decoy_720,COc1ccc(c2nccnc2C2CN(c3ccc4ccccc4n3)C2)cc1C,-7.146346909647501,0
CCR2-decoy_734,Cn1c(=O)ccc2c(NC(=O)N[C@@H]3CCc4cc(C(C)(C)C)ccc43)cccc21,-7.144746909647499,0
CCR2-decoy_216,COc1ccc(C[C@H](NC(=O)[C@H](Cc2ccccc2)N=[N+]=[N-])C(=O)N[C@@H](Cc2ccccc2)C(=O)N[C@@H](CC(C)C)C(=O)[C@@]2(C)CO2)cc1,-7.142446909647499,0
CCR2-decoy_392,CCCN(CCC)C(=O)c1cc(C(=O)N[C@@H](Cc2ccccc2)[C@@H](O)C[NH2+]C(C)(C)c2ccccc2)cc(N2CCCCS2(=O)=O)c1,-7.1415469096475,0
CCR2-decoy_117,CC(C)Cc1cc(COc2ccc(N3CCCN(C(C)C(=O)[O-])C3=O)cc2)c2ccccc2n1,-7.132046909647501,0
CCR2-decoy_166,COc1ccnc(CN(C)C(=O)C2CCC(=O)N(Cc3cccc(C(F)(F)F)c3)C2)c1,-7.1265469096475,0
CCR2-decoy_89,CC(=O)NC(Cc1ccc(F)cc1)C(=O)N1CCN(C(=O)NCc2ccccc2)CC1,-7.123046909647499,0
CCR2-decoy_195,O=C1S/C(=C\c2ccc3c(c2)OCO3)C(=O)N1Cc1cn(CCc2ccccc2)nn1,-7.1214469096475,0
CCR2-decoy_25,CC1(C)Cc2cccc(OCC(=O)N3CCN(c4ccccc4)CC3)c2O1,-7.120346909647499,0
CCR2-decoy_778,O=C(C1=CC(=O)c2ccccc2C1=O)c1cccc(F)c1,-7.1199469096475,0
CCR2-decoy_518,Cc1nc(C)c(S(=O)(=O)NCc2cnc(Oc3ccc4c(c3)CCC(c3ccccc3)O4)s2)s1,-7.1181469096475,0
CCR2-decoy_229,COc1ccccc1Oc1c(NS(=O)(=O)Cc2ccccc2)nc(c2ncccn2)nc1OCCOc1ncc(Br)cn1,-7.1107469096475,0
CCR2-decoy_186,COc1cccc(CN(CC2CCC(C(=O)[O-])CC2)S(=O)(=O)c2ccc(C)cc2)c1,-7.1072469096475,0
CCR2-decoy_78,O=c1[nH]c(NC2CCCC2)nc(N[C@@H]2C[C@H](CO)[C@@H](O)[C@H]2O)c1c1nc2ccccc2s1,-7.1064469096475,0
CCR2-decoy_277,CCOC(=O)/C=C1\NC(=O)[C@@H]1[C@@H](C)OC(=O)c1cc(OCc2ccccc2)c(OCc2ccccc2)c(OCc2ccccc2)c1,-7.104946909647498,0
CCR2-decoy_224,CN(C[C@H](Cc1ccccc1)N(C[C@H](Cc1ccccc1)N(CCc1cc(C(F)(F)F)cc(C(F)(F)F)c1)N=O)N=O)N=O,-7.1022469096475,0
CCR2-decoy_749,O=C(Nc1cc(Br)ccc1O)c1noc2c1CCc1ccccc1-2,-7.099646909647499,0
CCR2-decoy_398,COC(=O)N[C@H](C(=O)N[C@@H](Cc1ccccc1)[C@@H](O)CN(Cc1ccc(c2ccccn2)cc1)NC(=O)[C@@H](NC(=O)OC)C(C)(C)C)C(C)C,-7.0954469096475,0
CCR2-decoy_102,CC(C(=O)[O-])C(C)C(=O)O[C@@H]1CC[C@]2(C)[C@H]3CC[C@@]4(C)[C@@H](CC[C@@H]4[C@H](C)CCC(=O)[O-])[C@@H]3CC[C@@H]2C1,-7.094846909647501,0
CCR2-decoy_92,C=Cc1cccc(S(=O)(=O)NC[C@@H]2C[C@@H]3O[C@H](CO)[C@@H](OCc4ccccc4)[C@@H]3O2)c1,-7.088246909647499,0
CCR2-decoy_340,COc1ccc(CC2COc3cc(OC)c(OC)c(OC)c3C2=O)cc1OC(=O)[C@H](CCc1ccccc1)NC(=O)OC(C)(C)C,-7.086046909647498,0
CCR2-decoy_703,CC1(C)C(=O)NC(=O)c2c1ccc1[nH]c(Cc3c(Cl)cccc3Cl)nc21,-7.0836469096474985,0
CCR2-decoy_550,CC(C)n1cc(Br)cc(C(=O)Nc2cc(C#N)ccc2N2CCC(Oc3ccc(F)cc3F)CC2)c1=O,-7.079246909647497,0
CCR2-decoy_436,CCCc1c(Cc2ccc(c3ccccc3c3nc(=O)o[nH]3)cc2)c(=O)n(CC(C)(C)COC)c2nc(C)nn12,-7.069746909647499,0
CCR2-decoy_338,COc1cc([C@@H]2c3cc4c(cc3[C@@H](Nc3cccc(OCCCCCCCC(=O)NO)c3)[C@H]3COC(=O)[C@@H]32)OCO4)cc(OC)c1O,-7.069246909647498,0
CCR2-decoy_194,CCN(C(=O)CSc1nc2ccccc2n1CCc1ccccc1)C1CCS(=O)(=O)C1,-7.0611469096475,0
CCR2-decoy_476,CN(Cc1ccccc1N(CCO)S(=O)(=O)c1ccc([N+](=O)[O-])cc1)C(=O)/C=C/c1ccc(C(F)(F)F)cc1,-7.059946909647499,0
CCR2-decoy_97,Cn1c(=O)c2[nH]c(c3ccc(OCC(=O)NCc4ccc(F)cc4)cc3)cc2n(C)c1=O,-7.0539469096474985,0
CCR2-decoy_498,CCCCc1c(C)nc2nc(SCc3nc4c(c(=O)[nH]c(=O)n4Cc4ccc(Cl)cc4)n3CC)nn2c1C,-7.047346909647499,0
CCR2-decoy_344,CCc1nc(CN(C)C(=O)NC(C(=O)N[C@@H](Cc2ccccc2)C[C@H](O)[C@H](Cc2ccccc2)NC(=O)OCc2cncs2)C(C)C)co1,-7.0435469096475005,0
CCR2-decoy_253,CO[C@@H](CC(C)C)[C@H](O)[C@H](CC1CCCCC1)NC(=O)[C@H](Cc1cscn1)NC(=O)C(Cc1ccccc1)CS(=O)(=O)c1ccccc1,-7.0425469096475,0
CCR2-decoy_49,Cc1cccc(OCCn2nnc3sc4c(c3c2=O)CCCC4)c1,-7.038546909647499,0
CCR2-decoy_204,CCN(Cc1csc(C(C)C)n1)C(=O)NC(C)C(=O)N[C@@H](Cc1ccccc1)[C@@H](O)C[C@H](Cc1ccccc1)NC(=O)OCc1cncs1,-7.0374469096475,0
CCR2-decoy_142,COc1ccc(/C=C/c2onc(C)c2S(=O)(=O)N2CCC(C(=O)N3CCCCC3)CC2)cc1,-7.028146909647501,0
CCR2-decoy_303,COc1cc(OC)cc([C@@H](C(=O)N2CCCC[C@H]2C(=O)O[C@H](CCc2ccc(OC)c(OC)c2)c2cccc(OCC(=O)[O-])c2)C2CCCCC2)c1,-7.024646909647501,0
CCR2-decoy_710,O=C(C1CCN(c2ncnc3c2sc2cccc(F)c23)CC1)N1CCCC1,-7.0160469096475,0
CCR2-decoy_268,CCOC(=O)/C=C/[C@H](CCC(=O)NC(c1ccccc1)(c1ccccc1)c1ccccc1)NC(=O)[C@@H](NC(=O)OC(C)(C)C)c1ccccc1,-7.015246909647499,0
CCR2-decoy_719,CO[C@H]1c2cc(C(C)C)c(O)c(O)c2[C@@]23CCCC(C)(C)[C@@H]2[C@@H]1OC3=O,-7.000846909647498,0
CCR2-decoy_746,CN(C)c1ccc(c2nc3ncnc(N)c3cc2Cc2ccccc2)cc1,-6.9982469096475,0
CCR2-decoy_283,CC(C)(C)NC(=O)Cc1cccc(CC(=O)Nc2ccc(CCCCc3nnc(NC(=O)Cc4ccccc4)s3)nn2)c1,-6.995546909647499,0
CCR2-decoy_124,C[C@@H]1C(C(F)(F)F)=NN(c2ccc(OC3CCN(c4ccccn4)CC3)cc2)[C@H]1CC(=O)[O-],-6.995446909647498,0
CCR2-decoy_191,C=C(C)CN(C1Cc2cc(C#N)ccc2N(Cc2cncn2C)C1)S(=O)(=O)c1ccccc1,-6.9952469096475,0
CCR2-decoy_704,COc1ccc(Oc2c(Cl)cnn(c3cccc4c3CCCC4)c2=O)cc1,-6.991846909647499,0
CCR2-decoy_405,COc1ccc(NC[C@]23CC[C@H]4[C@@](C)(CC[C@@H](OC(C)=O)[C@@]4(C)COC(C)=O)[C@@H]2C[C@@H](C2=CCOC2=O)O3)cc1OC,-6.9904469096475,0
CCR2-decoy_731,CC(C)(C)c1ccccc1NC(=O)c1c(O)c2cccc3c2n(c1=O)CC3,-6.973646909647499,0
CCR2-decoy_641,CC(C)N1C(=O)COc2ccc(c3cnc4ccccc4c3)cc21,-6.972946909647499,0
CCR2-decoy_150,C=CCN(c1ccccc1)S(=O)(=O)c1cccc(C(=O)N2CCN(c3ncccn3)CC2)c1,-6.971646909647499,0
CCR2-decoy_193,Cc1cc(C(=O)Nc2ccc(C(=O)[O-])cc2)n(Cc2csc(N3CCCCC3C)n2)c1,-6.9695469096475,0
CCR2-decoy_72,Cc1cnc(NCCc2ccccc2)c(=O)n1CC(=O)NCc1ccn2ccnc2c1,-6.966646909647499,0
CCR2-decoy_366,CCCS(=O)(=O)N1CCN(C(=O)Oc2ccc3[nH]c(c4cc(C)cc(C)c4)c(CC[NH2+]CCCCc4ccc(O)cc4)c3c2)CC1,-6.9582469096475,0
CCR2-decoy_444,O=C(NCCC1CC1)c1ccc(N2CCC3(CC2)CCN(Cc2cccc(C(F)(F)F)c2)c2ccccc2O3)nn1,-6.9555469096475,0
CCR2-decoy_46,O=C([O-])C[C@@H]1COc2cc3c(cc21)OCC(c1cccc(C2CC2)c1)O3,-6.951946909647499,0
CCR2-decoy_450,CC(=O)c1c(C)c2cnc(Nc3ccc(N4CCN(C(=O)OCC(C)C)CC4)cn3)nc2n(C2CCCC2)c1=O,-6.944546909647498,0
CCR2-decoy_434,CCOC(=O)C1=C(C)NC(=S)NC1c1cc(/C=N/NC(=S)Nc2ccccc2)c(O)c(C(C)(C)C)c1,-6.9435469096475,0
CCR2-decoy_329,O=C(Nc1ncccn1)c1cccc(CN2C(=O)N(Cc3cccc(C(=O)Nc4ncccn4)c3)[C@H](Cc3ccccc3)[C@H](O)[C@@H](O)[C@H]2Cc2ccccc2)c1,-6.9421469096475,0
CCR2-decoy_533,CCCc1cnc(N2CCC(C3Cc4c(F)c(C5=CCN(S(=O)(=O)CCC(C)(C)O)CC5)cc(F)c4O3)CC2)nc1,-6.9330469096475,0
CCR2-decoy_62,O=c1ccn(COCCCS(=O)(=O)NC(c2ccc(F)cc2)c2ccc(F)cc2)c(=O)[nH]1,-6.926046909647499,0
CCR2-decoy_44,O=C(OCc1ccccc1)C1=C(c2ccccc2)S[C@@H]2CC(=O)N12,-6.906046909647499,0
CCR2-decoy_505,CCOc1cc(=O)n(C)cc1c1cc(NC(=O)Cc2ccccc2OC)ccc1Oc1ccc(F)cc1F,-6.905146909647499,0
CCR2-decoy_134,CC(C)C1=CC2CC3(C=O)[C@@H]4CC[C@@H](C)[C@H]4CC2(CO[C@@H]2C[C@@H]4OC(C)(C)O[C@@H]4[C@@H](C)O2)C13C(=O)[O-],-6.903346909647499,0
CCR2-decoy_171,Cc1ccc2[nH]c(c3ccc(N4CCC(O[C@H]5CC[C@H](CC(=O)[O-])CC5)CC4)nc3)nc2n1,-6.903146909647499,0
CCR2-decoy_146,CCOC(=O)N1C[C@H](C(=O)[O-])[C@H](c2cccc(OCCc3nc(c4ccccc4)oc3C)c2)C1,-6.902846909647499,0
CCR2-decoy_10,Cc1c(CCC(=O)[O-])c(=O)oc2cc3occ(c4ccccc4)c3cc12,-6.899546909647498,0
CCR2-decoy_462,COC(=O)/C=C\C(=O)N1CCC(Oc2cc3c(Nc4ccc(Cl)c(Cl)c4F)ncnc3cc2OC)CC1,-6.884646909647499,0
CCR2-decoy_761,O=C1NC(c2cccnc2)c2c1[nH]nc2c1ccccc1,-6.880946909647498,0
CCR2-decoy_155,O=c1n(Cc2nc3ccccc3n2CCCS(=O)(=O)C2CC2)c2cnccc2n1C1CC1,-6.8806469096475,0
CCR2-decoy_360,CCc1cn2c3c(cc(C(=O)N[C@@H](Cc4ccccc4)[C@H](O)C[NH2+]C(COC)c4cccc(C(F)(F)F)c4)cc13)N(C)S(=O)(=O)C1(CC1)C2,-6.879946909647499,0
CCR2-decoy_649,Cc1ccc2nc(c3cnn(c4ccc(F)c(F)c4)c3)oc2c1,-6.877746909647501,0
CCR2-decoy_478,COc1nc(N(C)C)ncc1n1nc2c(c1C(C)C)C(c1ccc(Cl)c(F)c1)N(c1c[nH]c(=O)c(Cl)c1)C2=O,-6.873546909647499,0
CCR2-decoy_437,COc1cc(OC)c2c(c1)[nH]c(C(=O)C(=O)N1CCN(c3ccccn3)CC1)c2c1ccc(Br)cc1,-6.871646909647498,0
CCR2-decoy_424,O=C(CSc1nnc(Br)n1c1ccc(C2CC2)c2ccccc21)NS(=O)(=O)c1cccs1,-6.870946909647499,0
CCR2-decoy_190,CC(C(=O)[O-])c1ccc(CSc2nc(SCc3ccccc3F)[nH]c(=O)n2)cc1,-6.869746909647499,0
CCR2-decoy_316,CCn1c(CCCc2ccc(OC(C)(C)C(=O)NS(=O)(=O)c3ccc(C)cc3)cc2)nn(Cc2ccc(C(C)(C)C)cc2)c1=O,-6.8538469096474985,0
CCR2-decoy_730,O=C1C2C3C=CC(C3)C2C(=O)N1c1ccc(c2nc3ccccc3o2)cc1,-6.850646909647499,0
CCR2-decoy_529,CNC(=O)c1ccc(OC)c(c2cc3c(n2C(C)C)C(c2ccc(Cl)cc2)N(C2CCOCC2)C3=O)c1,-6.844046909647498,0
CCR2-decoy_628,Clc1ccccc1c1nc2ccccc2c(n2ccnc2)n1,-6.8432469096475,0
CCR2-decoy_177,CCOc1ccc(C2=NN(c3ccc(C(=O)[O-])cc3)C(=O)[C@@H]3CC=CC[C@H]23)cc1OCC,-6.8425469096475,0
CCR2-decoy_539,COc1ccc(NC(=O)COc2cc(/C=C/C(=O)c3ccc(OC)c4c3OC(C)(C)C=C4)ccc2OC)cc1,-6.8385469096475,0
CCR2-decoy_618,O=c1cc(N2CCOCC2)oc2c1cccc2c1ccccc1,-6.837246909647499,0
CCR2-decoy_259,COc1cc(C2=NOC(COCc3cn(Cc4cc(c5ccc(C)cc5)cnc4N4CCOCC4)nn3)C2)cc(OC)c1OC,-6.831946909647499,0
CCR2-decoy_237,COc1ccc(C(=O)c2ccc(OCC(=O)N3CCC(CCCC4CCN(C(=S)Nc5ccc(F)cc5)CC4)CC3)cc2)c(OC)c1,-6.829346909647501,0
CCR2-decoy_249,CC(C)c1nc(CN(C)C(=O)N[C@@H](CCO)C(=O)N[C@H](CC[C@H](Cc2ccccc2)NC(=O)OCc2cncs2)Cc2ccccc2)cs1,-6.829246909647499,0
CCR2-decoy_396,[NH3+]CCCC[C@H](NC(=O)c1cccc(F)c1)C(=O)c1noc(Cc2ccc(OCCc3ccc(Cl)c(Cl)c3)cc2)n1,-6.8286469096475,0
CCR2-decoy_794,Cc1cc(C)n(c2nc(c3ccccc3)cc(=O)n2C)n1,-6.823246909647499,0
CCR2-decoy_135,CCc1ccc(C(=O)CSc2nc3cc(S(=O)(=O)N4CCOCC4)ccc3n2CC)cc1,-6.819446909647499,0
CCR2-decoy_735,CC(C)(O)c1c(C(=O)NC2CCCC2)noc1c1ccc(C(F)(F)F)cc1,-6.8181469096475,0
CCR2-decoy_291,COc1cc(C2=NOC(COCc3cn(Cc4cc(c5ccccc5)cnc4N4CCSCC4)nn3)C2)cc(OC)c1OC,-6.8091469096475,0
CCR2-decoy_501,COc1ccc(Cn2c(=O)c(C(=O)OC(C)C)cc3c(NC(=O)C45CC6CC(CC(C6)C4)C5)cccc32)cc1,-6.808546909647499,0
CCR2-decoy_724,CC(C)(C)OC(=O)c1ncn2c1CN=C(c1ccc(F)cc1)c1ccsc1-2,-6.801246909647499,0
CCR2-decoy_715,C/C(C=O)=C\[C@H]1CC[C@]2(O)[C@@H]3CC[C@@H]4C[C@@H](O)CC[C@]4(C)[C@H]3CC[C@]12C,-6.800746909647499,0
CCR2-decoy_294,COC(=O)[C@@H](NC(=O)[C@H](CC(C)C)NC(=O)N(Cc1ccccc1)C[C@@H](O)[C@@H](Cc1ccccc1)NC(=O)OC(C)(C)C)C(C)C,-6.7850469096475,0
CCR2-decoy_258,CCOC(=O)[C@H](Cc1ccccc1)NP(=O)(N[C@@H](Cc1ccccc1)C(=O)OCC)c1ccc(c2nc(N)sc2CC(C)C)o1,-6.780146909647499,0
CCR2-decoy_295,COc1cc(c2cc(COCc3cn(Cc4cc(c5ccc(C)cc5)cnc4N4CCOCC4)nn3)on2)cc(OC)c1OC,-6.780146909647499,0
CCR2-decoy_184,CCC(C)c1cccc2c1C(=O)N(CSc1nnnn1c1ccccc1)S2(=O)=O,-6.7775469096475,0
CCR2-decoy_126,CC(C)c1ccc(c2ccc(S(=O)(=O)C(CCN3C(=O)c4ccccc4C3=O)C(=O)[O-])cc2)cc1,-6.777246909647499,0
CCR2-decoy_607,CCc1cccc(NC(=O)C(=O)c2c[nH]c3ccccc23)c1,-6.7760469096475,0
CCR2-decoy_412,Cc1c(N2CCC(NC(=O)c3ccc(Sc4ccccc4)cc3C(F)(F)F)CC2)nnc(c2ccnn2C)c1C,-6.759646909647499,0
CCR2-decoy_284,COc1ccc(C(=O)N(CC(C)(C)C)c2cccc(C)n2)c(N2CCC(COc3cccc(C(CC(=O)[O-])OC)c3)CC2)c1,-6.758146909647499,0
CCR2-decoy_416,COc1cc(C2Oc3cc(c4oc5cc(O)c(CC=C(C)C)c(O)c5c(=O)c4O)ccc3OC2CO)ccc1O,-6.7559469096475,0
CCR2-decoy_507,COc1cc2c(Nc3ccc(Cl)c(Cl)c3)ncnc2cc1OCC1CN(C(=O)C(C)(C)C)CCO1,-6.7553469096475,0
CCR2-decoy_439,CC(=O)N1CCN(C(=O)c2cc(Sc3cnc(NC(=O)c4ccc(N(C)C)cc4)s3)cc(C)c2C)CC1,-6.753146909647498,0
CCR2-decoy_799,Cc1ccc2c(c1)C(=O)N(Cc1ccc(F)cc1)C2=O,-6.752746909647501,0
CCR2-decoy_167,COc1ccc(c2nc3c(c(Nc4ccc(CC(=O)[O-])cc4)n2)SCCC3)c(F)c1F,-6.7501469096475,0
CCR2-decoy_643,O=C1OC(c2ccccc2)(c2ccccc2)c2ccsc21,-6.7488469096475,0
CCR2-decoy_779,COc1ccccc1C1NNCc2nc3ccccc3n21,-6.748846909647499,0
CCR2-decoy_511,CCCN(CCC)C(=O)Cn1c(=O)n(c2ccc(C)cc2)c(=O)c2ccc(C(=O)NCc3ccccc3Cl)cc21,-6.7342469096475,0
CCR2-decoy_94,O=C(NCCc1ccccc1)C(=O)NCC1OCCN1S(=O)(=O)c1ccc([N+](=O)[O-])cc1,-6.7303469096475,0
CCR2-decoy_378,CC(C)SC[C@H](O)[C@H](CC12CC3CC(CC(C3)C1)C2)NC(=O)[C@H](C)NC(=O)[C@H](Cc1ccccc1)NC(=O)OC(C)(C)C,-6.7242469096475,0
CCR2-decoy_7,Cc1c(CC(=O)[O-])c(=O)oc2cc3occ(c4ccc(Cl)cc4)c3cc12,-6.721146909647499,0
CCR2-decoy_276,COc1ccc(/C=C/C(=O)/C=C/c2ccc(OCc3cn(CCCCCOc4cc(=O)oc5ccccc45)nn3)c(OC)c2)cc1,-6.720946909647499,0
CCR2-decoy_546,COc1ncc(n2nc3c(c2C(C)C)C(c2ccc(Cl)cc2)N(c2c[nH]c(=O)c(Cl)c2)C3=O)c(OC)n1,-6.718946909647499,0
CCR2-decoy_105,COc1ccc(C#N)cc1S(=O)(=O)N(Cc1ccccc1)Cc1cnc(C(F)(F)F)nc1,-6.718746909647498,0
CCR2-decoy_121,CC(C)CN(Cc1cccc(Cl)c1)S(=O)(=O)c1ccc(N2CCN(S(C)(=O)=O)CC2)cc1,-6.713446909647499,0
CCR2-decoy_733,CC(C)(C)OC(=O)N1CCN(C(=O)CCCC2=CCc3ccccc32)CC1,-6.7124469096475,0
CCR2-decoy_255,COC(=O)[C@@H](NC(=O)[C@H](CC(C)C)NC(=O)N(Cc1ccccc1)C[C@@H](O)[C@H](Cc1ccccc1)NC(=O)[C@H](C)NC(=O)OC(C)(C)C)C(C)C,-6.705146909647499,0
CCR2-decoy_351,N#Cc1cnc2cc(OC[C@@H](O)CO)c(NC(=O)CC3CSSC3)cc2c1Nc1ccc(OCc2cccc(F)c2)c(Cl)c1,-6.697246909647499,0
CCR2-decoy_536,CCC(=O)N1CCc2cc(Br)cc(S(=O)(=O)N3CCCC(C(=O)Nc4ccc(CC)cc4)C3)c21,-6.683446909647499,0
CCR2-decoy_712,Cc1c(N2CCOCC2)oc2c(C)c(OCc3ccccc3)ccc2c1=O,-6.6758469096475,0
CCR2-decoy_534,CCc1cccc(C)c1NC(=O)c1cnn(c2ccc(OC)cc2)c1C1CCN(C(=O)OC(C)(C)C)CC1,-6.675146909647499,0
ASD10910009,O=C(NCCOCCOCCn1ccnn1)c1ccccc1Oc1ccc(Cl)cc1NS(=O)(=O)c1ccc(Cl)c(Cl)c1,-6.665346909647498,1
CCR2-decoy_540,CC(C)Nc1nc2c(C(=O)N(C)C)c(Cl)c(Cl)cc2n1C1CCN(c2ccc(C3(C#N)CCOCC3)cc2)CC1,-6.6604469096475,0
CCR2-decoy_465,CC(=O)OC[C@]12CC[C@H](OC(C)=O)C[C@]1(O)[C@@H](OC(C)=O)C=C1[C@@H]3CC[C@H]([C@H](C)CCCC(C)C)[C@@]3(C)C[C@@H]3O[C@@]132,-6.656446909647499,0
ASD10910008,O=C(NCCOCCOCCn1ccnn1)c1ccc(Oc2ncc(Cl)cc2NS(=O)(=O)c2ccc(Cl)c(C(F)(F)F)c2)cc1,-6.6452469096475,1
CCR2-decoy_187,CC(=O)OC[C@@]1(C(=O)[O-])CCC[C@]2(C)[C@@H]1CC[C@@]13C[C@H](CC[C@H]12)[C@](O)(COC(=O)C(C)C)C3,-6.634746909647499,0
CCR2-decoy_200,CC(=O)c1ccc(OCCCC(=O)N2CCN(S(=O)(=O)c3cc(C)ccc3C)CC2)cc1,-6.630746909647499,0
CCR2-decoy_232,CCOC(=O)C(NC(=O)OC1(c2ccc(OC)cc2)OC(=O)C(c2ccc3c(c2)OCO3)=C1Cc1cc(OC)c(OC)c(OC)c1)C(C)C,-6.626946909647499,0
CCR2-decoy_774,O=c1oc2ccc(F)cc2n1Cc1cccc(F)c1,-6.6190469096475,0
CCR2-decoy_737,O=c1cnnc2n1-c1ccc(Oc3c(Cl)cccc3Cl)cc1CC2,-6.6159469096475,0
CCR2-decoy_20,Cc1c(C(=O)[O-])cnn1Cc1nc(c2cccc(C(F)(F)F)c2)cs1,-6.613246909647499,0
CCR2-decoy_406,COc1cc(OC)c(NC(=O)c2ccc(N3CC4CC(C3)c3cccc(=O)n3C4)c([N+](=O)[O-])c2)cc1Cl,-6.6119469096475,0
CCR2-decoy_161,CC(C)(C)CCOc1nc(N2CCC[C@@H](CC(=O)[O-])C2)ccc1C(=O)NC1CCCCC1,-6.602846909647499,0
CCR2-decoy_201,COc1ccc(OC2C=CC(c3ccccc3)OC2COC(=O)CCC(C)=NOCCC2C=CC(OC(C)=O)C(COC(C)=O)O2)cc1,-6.596846909647499,0
CCR2-decoy_8,CCc1ccc(/C=C2\Oc3cc(OS(C)(=O)=O)ccc3C2=O)cc1,-6.5943469096474985,0
CCR2-decoy_202,CC(C)C[C@@H](C(=O)Nc1ccc(S(=O)(=O)c2ccc(N)cc2)cc1)N1C(=O)c2cccc3c(NCCSc4ccccc4)ccc(c23)C1=O,-6.591946909647499,0
CCR2-decoy_370,COc1ccccc1/C=C/C(=O)/C=C/c1ccc(OCc2cn(CCCCOc3cc(=O)oc4ccccc34)nn2)c(OC)c1,-6.581446909647499,0
CCR2-decoy_758,O=C(Cc1nc2ccccc2[nH]1)N/N=C/c1ccccc1,-6.577246909647499,0
CCR2-decoy_523,COc1ccc(Oc2nc(Nc3ccc(N4CCOCC4)cc3)ncc2/N=C/c2cc(OC)cc(OC)c2)cc1,-6.572246909647499,0
CCR2-decoy_740,CC(C)CC1C2=C(Oc3cc(O)cc(O)c31)C(C)(C)C(=O)C(C)(C)C2=O,-6.567846909647498,0
CCR2-decoy_373,C[C@@H](/C=C/c1ccc(C(=O)C(=O)N2CCCC2C(=O)NC(Cc2ccccc2)C(=O)OC(C)(C)C)s1)CO[Si](C)(C)C(C)(C)C,-6.5663469096475,0
ASD10910007,O=C(NCCOCCOCCn1ccnn1)c1ccc(Oc2ccc(Cl)cc2NS(=O)(=O)c2ccc(Cl)c(C(F)(F)F)c2)cc1,-6.562046909647501,1
ASD10910003,CCC(NC1C(=O)C(=O)C1Nc1ccnc(C(=O)N(C)C)c1O)c1cc(C(C)C)co1,-6.561346909647499,1
CCR2-decoy_34,COc1ccc2c(CS(=O)(=O)c3ccc(C)cc3)cc(=O)oc2c1,-6.5565469096475,0
CCR2-decoy_99,COc1ccc(Nc2nc(=O)n(CCO)c(=O)n2Cc2ccc(Cl)cc2)cc1F,-6.550946909647498,0
CCR2-decoy_76,CNc1ncnc2ccc(C#CCNC(=O)c3cccn([C@H](CO)c4ccccc4)c3=O)cc12,-6.549846909647497,0
CCR2-decoy_60,O=C(COC(=O)/C=C/c1ccc2ccccc2n1)NNC(=O)c1ccc([N+](=O)[O-])cc1,-6.541146909647499,0
CCR2-decoy_13,O=C(OCc1ccccc1)[C@@H]1COC(c2cccc(Br)c2)=N1,-6.540246909647498,0
CCR2-decoy_415,CC(NC(=O)c1nn(c2ccccc2Cl)c(c2ccc(Br)cc2)c1Cn1cncn1)C(C)(C)C,-6.5356469096474985,0
CCR2-decoy_84,CNS(=O)(=O)Nc1cccc(Cc2c(C)c3ccc(OC(=O)N(C)C)nc3oc2=O)c1,-6.530746909647499,0
CCR2-decoy_128,Cc1cc(C)cc(N(CCC#N)C(=O)COC(=O)C2CCN(S(=O)(=O)c3ccc(C)c(C)c3)CC2)c1,-6.5305469096475,0
CCR2-decoy_210,CCCC(CCC)C(=O)Nc1ccn([C@@H]2O[C@H](CO[P@@](=O)(N[C@@H](C)C(=O)OC(C)C)Oc3ccccc3)[C@@H](O)[C@@]2(C)F)c(=O)n1,-6.524446909647499,0
CCR2-decoy_617,CCC1=CC2Cc3nc4oc(C5CC5)nc4c(N)c3C(C1)C2,-6.521646909647499,0
CCR2-decoy_327,CCCCC(O)[C@H](C)C[C@H](O)[C@H](CC1CCCCC1)NC(=O)[C@H](CC(C)C)NC(=O)[C@H](Cc1ccccc1)NC(=O)OC(C)(C)C,-6.5158469096475,0
CCR2-decoy_181,COc1ccc(CN(C(=O)n2cnc(S(=O)(=O)[C@@H]3C[C@H]4CC[C@@H]3C4)n2)C(C)C)cc1,-6.513446909647499,0
CCR2-decoy_635,CN(c1nc2sc3c(c2c(=O)o1)CCCC3)C1CCCCC1,-6.506746909647499,0
CCR2-decoy_727,CCc1nn(c2ccc(F)cc2)c2c1CCN(c1cccc(OC)c1)C2=O,-6.505746909647499,0
CCR2-decoy_261,COc1ccc(C2=C(c3ccc(OC)c(OC)c3)C(=O)N(CC(=O)c3ccc(OCc4ccccc4)c(OC)c3)C2=O)cc1OC,-6.5009469096475,0
CCR2-decoy_108,CCCn1c(=O)n(C)c(=O)c2c(SCC(=O)c3ccc(Cl)cc3)nc(CC(C)C)nc21,-6.4979469096475,0
CCR2-decoy_23,O=C(OCC(=O)N1CCN(c2ccccc2)CC1)c1cccc(Cl)c1,-6.495446909647498,0
CCR2-decoy_170,Cc1cc(OCC2(C(=O)[O-])CC2)ncc1c1ccc(c2ncc(C(F)(F)F)[nH]2)c(F)c1,-6.4931469096475,0
CCR2-decoy_154,Cc1ncccc1Oc1ncnc(O[C@H]2C[C@H]3C=C[C@@H](C2)N3S(=O)(=O)C2CC2)c1C,-6.4909469096475,0
CCR2-decoy_619,Cc1cc(OC(=O)N2CCOCC2)ccc1c1ccccc1,-6.4898469096475,0
CCR2-decoy_178,CCn1c(SCC(=O)N2CCN(c3ccccc3F)CC2)nnc1c1ccoc1C,-6.485846909647499,0
CCR2-decoy_80,O=C(CCNC(=O)C1CCN(S(=O)(=O)c2ccccc2)CC1)NCCc1cccc(F)c1,-6.485746909647498,0
CCR2-decoy_445,CCc1cc(C)c(C(=O)N2CCC(F)(c3ccc(C#N)cc3)CC2)cc1NC(=O)c1ccc(N2CCC2)nc1,-6.4816469096475,0
CCR2-decoy_241,CCC[NH2+][C@@](C)(CO[C@H]1[C@H](n2ncnc2C(N)=O)C[C@@]23COC[C@@]1(C)[C@@H]2CC[C@H]1C3=CC[C@@]2(C)[C@H](C(=O)[O-])[C@@](C)([C@H](C)C(C)C)CC[C@]12C)C(C)C,-6.480146909647499,0
CCR2-decoy_634,Cc1ccccc1NC(=S)Nc1ccc2c(c1)C(=O)OC2,-6.4797469096475,0
CCR2-decoy_538,Cc1cc(Cl)c2cc(C(=O)N[C@H](C)c3ccc(S(=O)(=O)C(C)(C)C(=O)OC(C)(C)C)cc3)n(C)c2c1,-6.4779469096475,0
CCR2-decoy_623,CCC1=NN(c2ccc(F)cc2)C(=O)C1Oc1ccccc1,-6.474546909647499,0
CCR2-decoy_65,Cc1ccn(NC(=O)c2ccc(C(=O)N3CCN(c4ncccc4NC(C)C)CC3)nc2)n1,-6.4719469096475,0
CCR2-decoy_226,Cn1c(Cc2nn(C)c(=O)c3ccccc23)nnc1S(=O)(=O)CCCCCCCC(=O)Nc1ccc(Br)cc1Br,-6.4680469096475,0
CCR2-decoy_48,COc1ccc(C)cc1S(=O)(=O)N1CCN(c2ccccc2)CC1,-6.4665469096475,0
CCR2-decoy_411,CC(C)(C)OC(=O)N1CCC(c2c(C(=O)NCCc3ccsc3)cnn2c2ccc(F)cc2F)CC1,-6.465246909647499,0
CCR2-decoy_716,Cc1nc2ccnn2c(c2ccc(Cl)c(Cl)c2)c1C(=O)N1CCCCC1,-6.457446909647499,0
CCR2-decoy_95,Nc1nc(NCCc2cccc(Cl)c2)c2ncn(C3O[C@H](CO)[C@@H](O)[C@H]3O)c2n1,-6.457246909647499,0
CCR2-decoy_502,CC(C)(C)Nc1c(c2ccc(OCCCN3C(=O)c4ccccc4C3=O)cc2)nc2ccc(Br)cn12,-6.454946909647499,0
CCR2-decoy_782,COc1nn(Cc2cccc(c3ccccc3)c2)c(=O)o1,-6.452246909647501,0
CCR2-decoy_37,CC(C)(C)c1ccc(C2=N/C(=C/c3ccc(C(=O)[O-])cc3)C(=O)O2)cc1,-6.451846909647498,0
CCR2-decoy_614,Cc1cccc(n2ncc(C)c2c2cc3ccncc3s2)n1,-6.451646909647498,0
CCR2-decoy_713,CCC(=O)Nc1ccc2ncnc(Nc3cccc(Br)c3)c2c1,-6.451246909647499,0
CCR2-decoy_391,CNC(=O)OCc1ncn(CCCc2ccc(NC(=O)c3ccc(Nc4ccnc5ccccc45)cc3)cc2)c1COC(=O)NC,-6.4495469096474976,0
CCR2-decoy_262,CCOC(=O)c1c(C)oc2cc(OCc3cccc(OC(C)C)c3)c(OCc3oc4cc(OC)c(OS(=O)(=O)[O-])cc4c3C(=O)OCC)cc12,-6.4470469096475,0
CCR2-decoy_203,COc1cc(/C=C/C(=O)/C=C/c2cc(OC)c(OC)c(OC)c2)ccc1OCc1cn(CCCOc2cc(=O)oc3ccccc23)nn1,-6.445946909647499,0
CCR2-decoy_471,CC(C)N(C(=O)CN1C(=O)C(NC(=O)c2cccnc2)C(=O)N(c2ccccc2)c2ccccc21)c1ccccc1,-6.4420469096475,0
CCR2-decoy_40,CCCc1cc(OC(F)(F)F)cc2c1OC(C(F)(F)F)C(C(=O)[O-])=C2,-6.439746909647499,0
CCR2-decoy_543,Cc1ccc(NC(=O)CSc2snnc2c2ccc(Br)cc2Br)c([N+](=O)[O-])c1,-6.436346909647499,0
CCR2-decoy_499,CCOc1ccc(c2cc3nc(C4CCN(C(=O)OC(C)(C)C)CC4)c(C(=O)Nc4ccc(C(=O)OC)cc4)cn3n2)cc1,-6.4250469096475005,0
CCR2-decoy_331,CC(C)COC(=O)CCC(NC(=O)c1cc(Cl)c(N(C)Cc2cnc3nc(N)nc(N)c3n2)c(Cl)c1)C(=O)OCC(C)C,-6.4232469096475,0
CCR2-decoy_192,COCc1nnc(N2CC[C@@H](Oc3cc(F)cc(F)c3C)C2)n1c1ccc(OC)nc1,-6.421546909647501,0
CCR2-decoy_198,Cc1ccc(C(=O)COC(=O)CCc2ccc(S(=O)(=O)N3CCCCC3)cc2)cc1,-6.420246909647498,0
CCR2-decoy_640,O=CNc1ccccc1C(=O)Nc1cccc(C(F)(F)F)c1,-6.419946909647498,0
CCR2-decoy_3,O=C([O-])CC[C@H]1CC[C@]2(CC1)OO[C@]1(O2)C2CC3CC(C2)CC1C3,-6.414846909647499,0
CCR2-decoy_770,Cc1cccc(C(=O)Nc2ccc3c(c2)C(=O)NC3=O)c1,-6.414346909647499,0
CCR2-decoy_32,CC(C)OC(=O)C1Cc2ccccc2CN1S(=O)(=O)c1cccs1,-6.409346909647499,0
CCR2-decoy_158,COc1ccc(C(=O)/C=C/c2ccc(/C=C3/SC(=S)N(CC(=O)[O-])C3=O)cc2)cc1,-6.408446909647499,0
CCR2-decoy_626,Fc1ccc(c2nss/c2=N\c2ccccc2)cc1,-6.402846909647499,0
ASD10910013,O=S(=O)(Nc1cncc(Cl)c1)c1ccc(Cl)c(C(F)(F)F)c1,-6.3977469096475,1
CCR2-decoy_375,COc1ccc2c(c1)c(CC(N)=O)c(C)n2Cc1ccccc1OCCCCOc1ccccc1Cn1c(C)c(CC(N)=O)c2cc(OC)ccc21,-6.393946909647499,0
CCR2-decoy_413,CCCSc1nc(Cl)c2c(n1)N(Cc1ccccc1)C(C(=O)N1CCN(C(=O)OC(C)(C)C)CC1)N2,-6.3937469096475,0
CCR2-decoy_286,COc1ccc2c(c1)c(CC(N)=O)c(C)n2Cc1ccccc1OCCCOc1ccccc1Cn1c(C)c(CC(N)=O)c2cc(OC)ccc21,-6.390746909647499,0
CCR2-decoy_328,CCCCO/C(O)=C1\C(C)=NC(C)=C(C(=O)OC)C1c1cccc(NC(=O)NCCC[NH+]2CCN(c3ccccc3OC)CC2)c1,-6.383446909647499,0
CCR2-decoy_109,CN(C)c1cccc2c(S(=O)(=O)Oc3cccc4c3C(=O)C(N3CC3)=C(N3CC3)C4=O)cccc12,-6.3808469096475005,0
CCR2-decoy_353,CCOC(=O)N[C@@H](Cc1ccc(OC)cc1)C(=O)N[C@@H](CC(C)C)C(=O)N[C@@H](CC1CCCCC1)[C@@H](O)[C@@H](O)CC(C)C,-6.379146909647499,0
CCR2-decoy_701,CCP(=O)(OC)c1ccc2nc(c3cnc4ccccc4c3)oc2c1,-6.376446909647499,0
CCR2-decoy_741,CCOc1ccc(C2CC(=O)n3nc(c4ccc(C)cc4)nc3S2)cc1,-6.371346909647498,0
CCR2-decoy_133,Cc1ccc(C(=O)OCC(=O)c2ccc(Br)cc2)cc1S(=O)(=O)N1CCOCC1,-6.370046909647501,0
CCR2-decoy_313,COCC(=O)[C@H](C)C[C@H](C)/C=C\C=C\C=C(/C)[C@H](C[C@@H]1CC[C@@H](C)[C@](O)(C(=O)C(=O)N2CCCC[C@H]2C(=O)OCc2ccccc2)O1)OC,-6.366946909647499,0
CCR2-decoy_610,Oc1ccc(/C=C/c2cc(/C=C/c3ccc(O)cc3)ncn2)cc1,-6.364146909647499,0
CCR2-decoy_750,CCCn1c(NC(=O)C23CC4CC(CC(O)(C4)C2)C3)nc2ccccc21,-6.3630469096475,0
CCR2-decoy_138,CC(=O)N1CCC2(C1)CN(c1ccc(CN(CC(C)C)S(=O)(=O)Cc3ccccc3)cc1)C2,-6.356946909647499,0
CCR2-decoy_98,C=C1C[C@](OC)([C@H](O)C(=O)N[C@@H]2OCO[C@H]3[C@@H]2O[C@H](CO)C(C)(C)[C@@H]3OC)O[C@H](C)[C@@H]1C,-6.3553469096475,0
CCR2-decoy_309,CCC[C@@H](C(=O)N1CCCC[C@H]1C(=O)OC(CCc1ccc(OC)c(OC)c1)c1cccc(OCC(=O)[O-])c1)c1cc(OC)c(OC)c(OC)c1,-6.352146909647498,0
CCR2-decoy_586,O=C1CCCC1n1cc(c2ccc(F)cc2)nn1,-6.344946909647499,0
CCR2-decoy_473,COc1nc(N(C)C)ncc1n1nc2c(c1C(C)C)[C@H](c1ccc(Cl)cc1)N(c1cc(Cl)c[nH]c1=O)C2=O,-6.335946909647499,0
CCR2-decoy_613,CCCC(=O)Nc1n[nH]c2cc(c3ccc(F)cc3)ccc12,-6.3339469096475,0
CCR2-decoy_153,Cn1nc(C(F)(F)F)c(c2cccc(C(F)(F)F)c2)c1NC(=O)CSCC(=O)[O-],-6.329546909647499,0
CCR2-decoy_644,COc1ccc(/C=C/c2cc(F)c(F)c(F)c2)cc1[N+](=O)[O-],-6.3294469096475,0
CCR2-decoy_497,COc1ccc(C2C3=C(CC(C)(C)CC3=O)N(NC(=O)c3ccncc3)C3=C2C(=O)CC(C)(C)C3)c(OC)c1OC,-6.329146909647499,0
CCR2-decoy_372,CCCCc1ncc(/C=C2/C(=O)N(CCCC)C(=O)N2Cc2ccc(Br)s2)n1Cc1ccc(C(=O)OC)cc1,-6.328146909647499,0
CCR2-decoy_288,C=CC[C@@H](CC(=O)N[C@@H](CO)Cc1ccccc1)C(=O)NC[C@@H](OC(=O)[C@@H](CC=C)CC(=O)OC(C)(C)C)c1ccccc1,-6.325846909647498,0
CCR2-decoy_636,Cc1ccc(O)c(NC(=O)COc2cccc(C)c2C)c1,-6.324146909647499,0
CCR2-decoy_140,COc1cc(C(=O)N2CCN(c3cccc(Cl)c3)CC2)ccc1OCC(=O)N1CCOCC1,-6.312146909647499,0
CCR2-decoy_28,CSc1nnc(SC2=C([O-])CC(c3ccccc3)CC2=O)s1,-6.3093469096475,0
CCR2-decoy_85,CCc1ccccc1NC(=O)CSc1nnc(c2nonc2NC(C)=O)n1C,-6.298846909647499,0
CCR2-decoy_11,Cc1c(C(F)(F)F)n(c2nc(C(=O)[O-])cs2)nc1c1ccccc1,-6.2926469096475,0
CCR2-decoy_642,COC(=O)c1occc1/C=C/C(=O)c1ccc2c(c1)CCC2,-6.291946909647499,0
CCR2-decoy_263,COC(=O)[C@H](NC(=O)[C@@H](CC(C)C)NC(=O)N(CC(C)C)C[C@@H](O)[C@@H](Cc1ccccc1)NC(=O)OC(C)(C)C)C(C)C,-6.291846909647498,0
CCR2-decoy_31,C=CC[C@@]1(OC)C=C2C(=CC1=O)O[C@H](c1ccc3c(c1)OCO3)[C@H]2C,-6.2867469096475,0
CCR2-decoy_429,Cc1cc(Cl)c2cc(C(=O)N[C@H](C)c3ccc(S(=O)(=O)C(C)(C)C(=O)OC(C)C)cc3)n(C)c2c1,-6.2840469096475,0
CCR2-decoy_156,CO/C=C(/C(=O)OC)c1cccc(Cn2cc(S(=O)(=O)c3ccc(C)cc3)nn2)c1,-6.2774469096475,0
CCR2-decoy_118,CCN(CC)c1ccc2cc(C(=O)N3CCN(C(=O)/C=C/c4ccc(OC)cc4)CC3)c(=O)oc2c1,-6.2753469096475,0
CCR2-decoy_27,O=C(OCc1ccccc1)[C@@H]1COC(c2ccc(Br)nc2)=N1,-6.2708469096475,0
CCR2-decoy_107,CCn1cnc2c(c3ccc(F)c(c4ccc(S(=O)(=O)C5COC5)cc4OC)c3)cnnc21,-6.270346909647499,0
CCR2-decoy_112,COc1c(OCC(=O)[O-])cc2oc3cc4c(c(O)c3c(=O)c2c1CC=C(C)C)C=CC(C)(C)O4,-6.270246909647499,0
CCR2-decoy_219,CCOC(=O)NCc1cccc(CC(=O)Nc2ccc(CCCCc3nnc(NC(=O)Cc4cccc(CNC(=O)OCC)c4)s3)nn2)c1,-6.267946909647499,0
CCR2-decoy_114,COC(=O)C1CCN(C(=O)COc2ccc(N(C)S(=O)(=O)c3ccc(C)cc3)cc2)CC1,-6.265046909647499,0
CCR2-decoy_665,c1ccc(CCc2nc(c3ccccn3)no2)cc1,-6.252946909647499,0
CCR2-decoy_622,O=C(Cc1c[nH]c2ccccc12)Nc1ncc(C2CCC2)s1,-6.238446909647498,0
CCR2-decoy_721,CCCc1nc2c(C(F)(F)F)cccc2c(O)c1C(=O)Nc1nccs1,-6.232646909647499,0
CCR2-decoy_520,CCCN(C)C(=O)NC1CCN(c2ncnc3c2nc(c2ccccc2Cl)n3c2ccc(Cl)cc2)CC1,-6.2247469096475,0
CCR2-decoy_242,CC1(C)C(=O)N(c2ccc(C#N)c(C(F)(F)F)c2)C(=S)N1CCCn1cc(COCCCOC(=O)CC23CC4CC(CC(C4)C2)C3)nn1,-6.2225469096475,0
CCR2-decoy_281,CC(C)(C)OC(=O)N[C@@H](CC(=O)OCc1ccccc1)C(=O)N[C@@H](CCCC[NH2+]C(=O)OCc1ccccc1)C(=O)OC(C)(C)C,-6.215746909647499,0
CCR2-decoy_666,O=C1CCC[C@@H]([C@H]2C[C@@H]2c2ccccc2)O1,-6.204146909647499,0
CCR2-decoy_169,CCN(C(=O)COc1ncnc2scc(c3ccc(F)cc3)c12)C1CCS(=O)(=O)C1,-6.2027469096475,0
CCR2-decoy_247,CCC[C@@H]([C@@H](CC1CCCCC1)C(=O)N[C@H](C(=O)Nc1nccs1)C(C)(C)SCCNC(=O)OCc1ccccn1)N(O)C=O,-6.1998469096475,0
CCR2-decoy_793,CCc1ccc(C2=Nc3c(N)ncnc3OC2(C)C)cc1,-6.1950469096475,0
CCR2-decoy_428,CCOc1ccc(n2nc(C(=O)NCc3cc(F)cc(F)c3)nc2c2cc(OC)c(OC)c(OC)c2)cc1,-6.1914469096475,0
CCR2-decoy_165,COc1cccc(CN(C)C(=O)C2CCN(S(=O)(=O)c3ccc(C)cc3)CC2)c1OC,-6.1905469096475,0
CCR2-decoy_151,O=C([O-])C[C@H]1CC[C@H](c2ccc(C(=O)Nc3nnc(CCC4CCOC4)s3)cc2)CC1,-6.1856469096475,0
CCR2-decoy_404,CN1C(=O)[C@H](NC(=O)[C@@H](Cc2ccccc2)N(C)C(=O)OC(C)(C)C)N=C(c2ccccc2)c2ccccc21,-6.184846909647498,0
CCR2-decoy_183,C=CCN1CC(C(=O)N2CCC(Cc3ccc(Cl)cc3)(C(=O)OCC)CC2)CC1=O,-6.183646909647499,0
CCR2-decoy_218,CC(C)CCc1sc(NC(=O)c2cc(NC(=O)c3cc(/C=C/c4ccc([N+](=O)[O-])cc4)cn3C)cn2C)nc1C(=O)NCCC[NH+](C)C,-6.1830469096475,0
CCR2-decoy_400,OCCOCC[NH2+]Cc1cccc(C#Cc2cc3ncnc(Nc4ccc(OCc5cccc(F)c5)c(Cl)c4)c3s2)n1,-6.1784469096475,0
CCR2-decoy_624,Cn1c(SCc2ccccc2F)nnc1c1ccccn1,-6.1734469096475,0
CCR2-decoy_604,Cc1nc2ccccc2n1Cc1ccccc1Br,-6.173246909647498,0
CCR2-decoy_70,Cc1cc(NC(=O)CSc2ncc(C(=O)Nc3ccccc3)c(=O)n2C)no1,-6.1678469096475,0
CCR2-decoy_113,CCCCn1cc(S(=O)(=O)c2ccc(OC)cc2)c(=O)c2cc(F)c(N3CCOCC3)cc21,-6.1657469096475,0
CCR2-decoy_175,COc1cc(c2ccno2)ccc1S(=O)(=O)N1CCN(c2ccc(C(C)=O)cc2)CC1,-6.165046909647499,0
CCR2-decoy_579,Clc1ccc(c2nnnn2c2ccccn2)cc1,-6.1571469096475,0
CCR2-decoy_53,COc1cc(C[NH2+]CC[NH+](C)C)ccc1c1cc2c(N[C@H](C)c3ccccc3)ncnc2[nH]1,-6.1569469096475,0
ASD10910006,O=C(NCCOCCOCCn1ccnn1)c1ccc(Oc2ccc(Cl)cc2NS(=O)(=O)c2ccc(Cl)c(Cl)c2)cc1,-6.155546909647499,1
CCR2-decoy_576,Cc1nnc(c2ccccc2)nc1N1CCOCC1,-6.152046909647498,0
CCR2-decoy_74,CN(C)C(=O)Cn1cc(c2nc(C3(c4ccc(c5cnc(N)nc5)cc4)CC3)no2)cn1,-6.147546909647499,0
CCR2-decoy_508,Cc1cc2c(cc(C(=O)N[C@H](C)c3ccc(S(=O)(=O)CC(=O)OC(C)C)cc3)n2C)c(Cl)c1Cl,-6.141246909647499,0
CCR2-decoy_304,CC(=O)Oc1ccc(/C=C/C(=O)OCCCSc2nc(c3ccc(S(C)(=O)=O)cc3)n(c3ccc(Br)cc3)n2)cc1OC(C)=O,-6.135246909647499,0
CCR2-decoy_702,COc1cc(c2nc(O)c3c4c(sc3n2)CCCC4)cc(Cl)c1O,-6.125846909647499,0
CCR2-decoy_63,CC(=O)Nc1nc(N[C@@H](CC(=O)OC(C)(C)C)C(=O)OC(C)(C)C)c2nc[nH]c2n1,-6.123746909647499,0
CCR2-decoy_441,CCC(=O)NS(=O)(=O)c1ccc(n2nc(C(F)F)cc2c2ccc(OC)c(C)c2)cc1COC(=O)CC,-6.113046909647499,0
CCR2-decoy_260,CC(C)CN([C@H](CO)CCCCNC(=O)CN(Cc1ccccc1[N+](=O)[O-])c1ccccc1)S(=O)(=O)c1ccc(N)cc1,-6.112446909647499,0
CCR2-decoy_182,Cc1cccn2c(=O)c3cc(C#N)/c(=N\C(=O)c4cccs4)n(CCCOC(C)C)c3nc12,-6.111946909647499,0
CCR2-decoy_56,CC(C)C(=O)OC[C@H]1O[C@@H](n2cnc3c(N)ncnc32)[C@@H](O)[C@@H]1OC(=O)C(C)C,-6.108746909647499,0
CCR2-decoy_365,COc1cc(/C=C2/C(=O)N(C(=O)OC(C)C)C(Cc3cc(OC)c(OC)c(C)c3OC)C(=O)N2Cc2ccccc2)c(OC)c(C)c1OC,-6.102446909647499,0
CCR2-decoy_143,COc1ccc([C@@H]2SCC(=O)N2CCN2C(=O)CS[C@@H]2c2ccc(OC)c(F)c2)cc1F,-6.1011469096475,0
CCR2-decoy_174,CCn1c(CSc2ncccn2)nnc1SCC(=O)N1c2ccccc2CC1C,-6.100446909647499,0
CCR2-decoy_227,O=C(NCCSSCCNC(=O)/C(Cc1ccc(OC2CCCC2)cc1)=N/O)/C(Cc1ccc(OC2CCCC2)cc1)=N\O,-6.0958469096475,0
CCR2-decoy_1,O=C1OC(c2cncnc2)CC([O-])=C1Sc1ccccc1Cl,-6.093846909647499,0
CCR2-decoy_791,CC(=O)N1CCc2[nH]nc(Nc3ccc(F)cc3)c2C1,-6.091446909647499,0
CCR2-decoy_573,Cc1ccc(n2nnc(c3cccnc3)n2)cc1,-6.0828469096475,0
CCR2-decoy_616,O=C(CSc1nc2ccccc2[nH]1)c1ccc(O)c(Cl)c1,-6.078946909647501,0
CCR2-decoy_630,COc1ccc2cc(Cn3ccnc3)n(c3ccc(F)cc3)c2c1,-6.067446909647499,0
CCR2-decoy_127,COc1cc(CCn2cnc3sc4c(c3c2=O)CCN(C(=O)C(C)(F)F)C4)cc(OC)c1,-6.0641469096475,0
CCR2-decoy_384,COc1cc(C=C(C(=O)/C=C/c2cccc(OC)c2OC)C(=O)/C=C/c2cccc(OC)c2OC)cc(Br)c1O,-6.0592469096475,0
CCR2-decoy_374,CCOC(=O)[C@H]1CCCN(C(=O)CCC(=O)N(CC(C)(C)C)c2c(OCC)cc(Cl)cc2[C@H](O)c2ccccc2OC)C1,-6.056746909647499,0
CCR2-decoy_251,CCCCCCCCCC(=O)O[C@@]12[C@H](OC(=O)c3ccccc3)[C@@H](C)[C@@]3(O)[C@@H](C=C(CO)C[C@]4(O)C(=O)C(C)=C[C@@H]34)[C@@H]1C2(C)C,-6.045346909647501,0
CCR2-decoy_772,COc1ccc2cccc(CCN3CCCC3=O)c2c1,-6.041746909647499,0
CCR2-decoy_723,O=C1N(c2cc(Cl)nc(C3CC3)c2)CCN1c1cnccc1C1CC1,-6.035146909647498,0
CCR2-decoy_116,COC(=O)C1=CN(Cc2ccc(C)cc2)C=C(C(=O)OC)C1c1cc(OC)c(OC)c(OC)c1,-6.0327469096475,0
ASD10910014,O=S(=O)(Nc1ccccc1)c1ccc(Cl)c(Cl)c1,-6.0245469096475,1
CCR2-decoy_521,C=CCOc1c(Br)cc(/C=N/NC(=O)Cc2ccc(C(F)(F)F)cc2[N+](=O)[O-])cc1OC,-6.023546909647498,0
CCR2-decoy_45,Clc1ncccc1c1nnn(c2ccccc2Br)n1,-6.022046909647499,0
CCR2-decoy_43,O=c1nc(N2CCOCC2)oc2ccc(c3ccc(Cl)cc3)cc12,-6.021646909647499,0
CCR2-decoy_605,COc1nn2cc(c3ccc(F)c(C(F)(F)F)c3)nc2s1,-6.017646909647499,0
CCR2-decoy_55,C/C=C/C=C/C(=O)N(CC(N)=O)NC(=O)[C@H](C)NC(=O)[C@H](C)NC(=O)OCc1ccccc1,-6.016246909647499,0
CCR2-decoy_438,Cc1ccc(c2ccc3c(c2)O[C@@H](CN(C)C(=O)C2CCCCC2)[C@H](C)CN([C@H](C)CO)S3(=O)=O)cc1,-6.012346909647499,0
CCR2-decoy_235,CCCCOc1ccc(S(=O)(=O)N(Cc2ccc(N(CC(=O)OC)S(C)(=O)=O)cc2)c2ccc(CN(Cc3ccccc3)S(C)(=O)=O)cc2)cc1,-6.011746909647498,0
CCR2-decoy_764,COc1ccc2c(c1)O[C@H](c1ccc(O)c(O)c1)CC2=O,-6.010446909647499,0
CCR2-decoy_611,Cc1ncncc1c1nc2cc(F)c(F)cc2n1C1CC1,-6.008846909647499,0
CCR2-decoy_67,CCOc1cc(/C=N/NC2=[NH+]C(=O)C(CC(=O)[O-])S2)ccc1OCc1ccc(Cl)cc1,-6.008646909647498,0
CCR2-decoy_330,Cn1cc(C/C(=N\O)C(=O)NCCSSCCNC(=O)/C(Cc2cn(C)c3ccc(Br)cc23)=N/O)c2cc(Br)ccc21,-6.0065469096475,0
CCR2-decoy_542,O=C(NN1CCCCC1)c1ccc(C2CC(=O)N(Cc3ccccc3[N+](=O)[O-])c3ccccc3S2)cc1,-6.0059469096475,0
CCR2-decoy_91,C=C1C(=O)O[C@H]2[C@H]3[C@@H](C=O)CC[C@@H](O)[C@]3(C)C[C@H](OC(=O)/C(=C/COC(C)=O)CO)[C@@H]12,-6.002246909647499,0
CCR2-decoy_179,COCCS(=O)(=O)c1ccc2c(c1)nc(C(C)(C)C)n2CC1CCN(C(C)=O)CC1,-5.997546909647499,0
CCR2-decoy_4,O=C(c1cc(COc2c(F)cccc2F)on1)N1CCSCC1,-5.991546909647499,0
CCR2-decoy_273,COc1ccc(n2c3cssc-3c(NC(=O)NCCOC(=O)CCCCC(=O)c3c(O)cc(C)oc3=O)c2=O)c(OC)c1,-5.990346909647498,0
CCR2-decoy_512,C[C@H]1CN([C@H](C)CO)C(=O)c2c(c3ccccc3n2C)-c2ccccc2CO[C@@H]1CN(C)C(=O)[C@H](C)c1ccccc1,-5.989946909647498,0
CCR2-decoy_279,CCc1cn2c3c(cc(C(=O)N[C@@H](Cc4ccccc4)[C@H](O)C[NH2+]C(C)(C)CCCC(C)C)cc13)N(C)S(=O)(=O)CC2,-5.989646909647499,0
CCR2-decoy_90,COc1cc(C)c(S(N)(=O)=O)cc1C(=O)Nc1cccc(c2nncn2C(C)C)n1,-5.985646909647499,0
CCR2-decoy_196,C=CCOC(=O)C(C#N)c1nc2ccccc2nc1N1CCN(c2ccccc2OC)CC1,-5.9845469096475,0
CCR2-decoy_647,Cc1nnc(Oc2ccc(C#N)cc2Cl)c2ccccc12,-5.980346909647499,0
CCR2-decoy_52,O=C(COC(=O)CNC(=O)c1cccc([N+](=O)[O-])c1)Nc1nc2ccccc2s1,-5.979146909647499,0
CCR2-decoy_708,COc1cc2c(c(O)c1CC=C(C)C)C(=O)[C@H](c1ccc(O)cc1)CO2,-5.974546909647499,0
CCR2-decoy_755,CN(C)c1ccc(C2C(=O)c3ccccc3C2=O)cc1,-5.9644469096475,0
CCR2-decoy_559,Cc1cc(CN2C(=O)c3ccccc3C2=O)no1,-5.958446909647499,0
CCR2-decoy_152,CCC1=C([O-])c2c(oc(c3cc(OC)c(OC)c(OC)c3)cc2=O)C(CC)(CC)C1=O,-5.9533469096475,0
CCR2-decoy_334,COc1cc(C(O)(CCN(C)OC)C(c2cc3cc(Br)ccc3nc2OC)c2cccc(OC)c2OC)cc(OC)n1,-5.951846909647498,0
CCR2-decoy_93,Cc1nc2ccc(S(=O)(=O)NCC(=O)NCc3ccc4c(c3)OCO4)cc2s1,-5.9500469096475,0
CCR2-decoy_451,COc1cc(C(=O)C2Sc3nnc(c4cc(OC)c(OC)c(OC)c4)n3NC2c2ccco2)cc(OC)c1OC,-5.946346909647499,0
CCR2-decoy_347,COCCS(=O)(=O)N1CCS[C@H]1C(=O)O[C@@H](Cc1c(Cl)c[n+]([O-])cc1Cl)c1ccc(OC(F)F)c(OCC2CC2)c1,-5.943346909647499,0
CCR2-decoy_650,CC(C)(O)c1ccc(c2nc3c(Cl)cccc3c(=O)[nH]2)cc1,-5.933446909647499,0
CCR2-decoy_645,CCN(CC)c1ccc(/N=C2/C=CC(=O)c3ncccc32)c(C)c1,-5.933146909647499,0
CCR2-decoy_293,COc1ccc(CN(CC(=O)NCCCC[C@@H](CO)N(CC(C)C)S(=O)(=O)c2ccc(N)cc2)c2ccccc2)cc1,-5.924446909647499,0
CCR2-decoy_357,CC(C)CC(CC(=O)OCC1(CO)C/C(=C\c2ccccc2C(C(=O)OC(C)(C)C)C(=O)OC(C)(C)C)C(=O)O1)CC(C)C,-5.923246909647498,0
CCR2-decoy_66,O[C@@H]1[C@@H](CO/C(S)=N/C2CCC2)OC(n2cnc3c(NC4CCOC4)ncnc32)[C@@H]1O,-5.9161469096475,0
CCR2-decoy_54,CCOC(=O)N1CCC(NC(=O)c2cc(C(=O)NC3CCCC3)ccc2CO)CC1,-5.9109469096475,0
CCR2-decoy_547,COc1ccc(C(=O)/C=C\Nc2ccc(c3nc4cc(OC)c(OC)c(OC)c4s3)cc2C)cc1[N+](=O)[O-],-5.908846909647499,0
CCR2-decoy_696,O=C(c1ccc(c2ccccc2)o1)n1cccn1,-5.9062469096475,0
CCR2-decoy_598,Fc1ccc(n2nnc(c3cccnc3)n2)cc1,-5.8881469096474985,0
CCR2-decoy_725,COc1ccc2c(Cc3c(Cl)cncc3Cl)nnc(N3CCCC3)c2c1,-5.886246909647499,0
CCR2-decoy_79,O=c1[nH]c(NC2CCC2)nc(N[C@@H]2C[C@H](CO)[C@@H](O)[C@H]2O)c1c1nccs1,-5.8847469096474985,0
CCR2-decoy_784,CCCCCn1nnc2c(=O)oc3ccccc3c21,-5.872746909647498,0
CCR2-decoy_209,CCCCCCNC(=O)Nc1ccc(CNC(=O)C[NH+]2CCc3cc(OC)c(OC)cc3C2Cc2ccc(OC)c(OC)c2)cc1,-5.8715469096475,0
CCR2-decoy_580,C/C(=C\c1ccc(Cc2cccnc2)cc1)C(=O)[O-],-5.869246909647499,0
CCR2-decoy_106,CCOC[C@H]1O[C@@H](n2c(Cl)nc3cc(Cl)c(Cl)cc32)[C@H](OC(C)=O)[C@@H]1OC(C)=O,-5.8563469096475,0
CCR2-decoy_646,Cc1ccc(c2cc(c3ccc(C)o3)nc(N)c2C#N)cc1,-5.855046909647499,0
CCR2-decoy_447,CCOc1ccc(n2c(=O)c3c4c(sc3n(CC(=O)Nc3cccc(C(F)(F)F)c3)c2=O)CCCCC4)cc1,-5.854346909647499,0
CCR2-decoy_82,COC(=O)CNC(=O)[C@H](CCCN1C(=O)C=CC1=O)NC(=O)OCc1ccccc1,-5.8483469096475,0
CCR2-decoy_57,COC(=O)CSc1nnc(Cc2c(NC(C)=O)sc3c2CCCC3)n1NC(C)=O,-5.842246909647498,0
CCR2-decoy_223,CCOC(=O)c1c(C)oc2cc(OC(C)C)c(OCc3oc4cc(OC(C)C)c(OS(=O)(=O)[O-])cc4c3C(=O)OCC)cc12,-5.838446909647499,0
CCR2-decoy_363,O=C(OCCCCCOc1ccc(c2cc(=O)c3c(O)c(O)c(O)cc3o2)cc1)c1ccc(N(CCCl)CCCl)cc1,-5.834146909647499,0
CCR2-decoy_115,CCOc1ccccc1n1c(=S)sc2c(=O)n(c3ccc(F)cc3)c(SCC(=O)[O-])nc21,-5.827046909647499,0
CCR2-decoy_766,Cn1nccc1/C=C1\CCC/C(=C\c2ccnn2C)C1=O,-5.812546909647499,0
CCR2-decoy_769,COC(=O)c1ccc(O)c(NC(=O)Cc2ccccc2)c1,-5.8016469096475,0
CCR2-decoy_639,COC(=O)/C=C1\OCc2cc(OCc3ccccc3)ccc21,-5.7985469096475,0
CCR2-decoy_463,CC(C)(C)[Si](C)(C)O[C@@H]1[C@@H](C2CC(=O)SS2)O[C@@H](n2ccc(=O)[nH]c2=O)[C@@H]1O[Si](C)(C)C(C)(C)C,-5.795946909647499,0
CCR2-decoy_627,COc1cc2cnc3c4cccnc4ccc3c2cc1OC,-5.794146909647499,0
CCR2-decoy_41,COc1cccc(C2=NN(S(C)(=O)=O)C(c3cccs3)C2)c1,-5.778146909647499,0
CCR2-decoy_359,CCOc1ccc(/N=N/c2ccc3cc(/C(C)=N/NC(=O)/C(C#N)=C\c4ccc(N(CCC#N)CCC#N)cc4)c(=O)oc3c2)cc1,-5.7771469096475,0
CCR2-decoy_599,O=C([O-])CCCn1c2ccccc2c2ccccc21,-5.7712469096475,0
CCR2-decoy_481,C=C1[C@@H](OC(=O)/C=C/c2ccccc2)CC[C@]2(C)[C@@H]1[C@H](O)[C@@H]1C[C@H](OC(C)=O)C(C)=C([C@@H](OC(C)=O)[C@@H]2OC(C)=O)C1(C)C,-5.764646909647499,0
CCR2-decoy_88,COc1ccc(c2ccc3c(c2)CN(CC[C@](C)(C(=O)NO)S(C)(=O)=O)C3=O)c(F)c1,-5.761046909647499,0
CCR2-decoy_556,O=C(N1CCOCC1)C1(c2ccccc2)CCCC1,-5.754446909647498,0
CCR2-decoy_326,COc1cc(C(=O)N2CCN(C(=O)c3cc(OC)c(OC)c(OC)c3)C(COC(=O)NC(C)CC(C)C)C2)cc(OC)c1OC,-5.751746909647499,0
CCR2-decoy_688,CC1(C)CC2C=C(C=O)C3(C=O)CC3(C)C2C1,-5.7516469096475,0
CCR2-decoy_625,O=C(CSc1nc2ccccc2s1)c1ccc(O)c(O)c1,-5.7445469096475,0
CCR2-decoy_71,CNC(=O)C1CC(=O)N(c2ccc(OCC(=O)Nc3ccc(OC)cc3)cc2)C1,-5.7424469096475,0
CCR2-decoy_33,CSc1nc2ccsc2c(=O)n1CC(=O)N(C)c1ccccc1,-5.7383469096475,0
CCR2-decoy_493,CCC(=O)N(C(=O)CC)c1ccc(SC[C@](C)(OC(C)=O)C(=O)Nc2ccc(C#N)c(C(F)(F)F)c2)cc1,-5.7363469096475,0
CCR2-decoy_442,C[C@H]1CN([C@@H](C)CO)C(=O)c2c(c3ccccc3n2C)-c2ccccc2CO[C@H]1CN(C)C(=O)Cc1ccccc1,-5.733846909647499,0
CCR2-decoy_419,COc1cccc(c2cc(C(=O)Nc3cc4ccc(OP(=O)(OC)OC)c(OC)c4oc3=O)ccc2OC)c1,-5.730146909647499,0
CCR2-decoy_684,CC(NNC(=O)c1ccncc1)c1ccccc1,-5.7284469096475,0
CCR2-decoy_269,CCCS(=O)(=O)c1cc(C2CC[C@@H](c3cc(OC)c(OC)c(OC)c3)O2)cc(OC)c1OCCSc1ccncc1,-5.7201469096475,0
CCR2-decoy_348,CCCC[C@@]1(OC(=O)CCC(=O)OC)CC[C@]2(CC[C@H](C)[C@@H](C/C=C(C)/C=C/[C@H](O)[C@@H](C)/C=C/C(=O)OC)O2)O[C@H]1/C=C/C(C)=C/C(=O)OC,-5.718646909647499,0
CCR2-decoy_39,Cc1cc2nc(N3CCN(C(=O)c4ccco4)CC3)sc2cc1C,-5.714046909647499,0
CCR2-decoy_265,CCCS(=O)(=O)c1cc(C2CC[C@@H](c3cc(OC)c(OC)c(OC)c3)O2)cc(OC)c1OCCSc1ccc(C#N)cc1,-5.707146909647499,0
CCR2-decoy_739,CCc1nn(c2c(Cl)cc(Cl)cc2Cl)c2nc(C)nc(N)c12,-5.698946909647498,0
CCR2-decoy_709,C#Cc1c(SC)nn(c2c(Cl)cc(C(F)(F)F)cc2Cl)c1N,-5.691246909647499,0
CCR2-decoy_280,COc1ccc(c2cc3ccc(OCCCCCn4cc(CNC(=O)CCCCC5CCSS5)nn4)cc3oc2=O)cc1,-5.690246909647499,0
CCR2-decoy_514,Cc1nn(c2ccc(Br)cc2)c2ncnc(Nc3ccc(OCCCCO[N+](=O)[O-])cc3)c12,-5.6892469096474985,0
CCR2-decoy_417,COc1cc(CSc2nc(Cc3ccc(OC)c(OC)c3)c(I)c(=O)[nH]2)cc(OC)c1,-5.684546909647499,0
CCR2-decoy_479,C=C1[C@@H](OC(=O)/C=C/c2ccccc2)C[C@H](OC(C)=O)[C@]2(C)[C@@H]1C[C@@H]1C[C@H](O)C(C)=C([C@@H](OC(C)=O)[C@@H]2OC(C)=O)C1(C)C,-5.6835469096475,0
CCR2-decoy_207,CCOP(=S)(OCC)Oc1ccc2c(c1)OC(=O)[C@]1(Cl)[C@@]2(C)[C@]2(Cl)C(=O)Oc3cc(OP(=S)(OCC)OCC)ccc3[C@]12C,-5.667646909647499,0
CCR2-decoy_15,Cc1cnn(CCC(=O)N2CCCC(c3nc(C)c(C)s3)C2)c1,-5.666846909647499,0
CCR2-decoy_68,CCCCOC1=C(NNC(=O)[C@H](CC(C)C)NC(=O)N2CCOCC2)C(=O)C1=O,-5.6646469096475,0
CCR2-decoy_714,CCOC(=O)Cc1c(C)nc2c(c3ccc(Cl)cc3)c(C)nn2c1C,-5.663846909647499,0
CCR2-decoy_648,Oc1ccc(/C=C/c2cc(Br)ccc2O)cc1,-5.660746909647499,0
CCR2-decoy_217,CCOC(=O)C1=C(C)NC(=S)NC1c1ccc(OCCCOc2ccc(C3NC(=S)NC(C)=C3C(=O)OCC)cc2OC)c(OC)c1,-5.652946909647499,0
CCR2-decoy_383,COc1cc(/C=C2\CC/C(=C\c3ccc(OCCCCn4ccnc4)c(OC)c3)C2=O)ccc1OCCCCn1ccnc1,-5.650946909647499,0
CCR2-decoy_609,COc1ccc(C(=O)/C=C/c2ccc3c(c2)OCO3)cc1,-5.6475469096475,0
CCR2-decoy_732,C=CCN(C)c1ccnc2sc3c(=O)n(c4ccc(Cl)cc4)cnc3c12,-5.646946909647499,0
CCR2-decoy_541,O=C(NS(=O)(=O)c1cccs1)c1cccc(CN2CCCCN(Cc3ccc4ccccc4c3)S2(=O)=O)c1,-5.6402469096475,0
CCR2-decoy_751,CC(C)[C@H](NC(=O)c1ccccc1)c1n[nH]c(=S)o1,-5.627546909647499,0
CCR2-decoy_496,COc1cc2c(c(OC)c1OC)-c1c(cc3c(c1OC)OCO3)C[C@H](C)[C@](C)(O)[C@H]2OC(=O)c1ccc(C)cc1,-5.624246909647498,0
CCR2-decoy_96,C[NH2+]CCNc1c2c(c(NCC[NH2+]C)c3occc13)C(=O)c1ccccc1C2=O,-5.6181469096475,0
ASD10910016,O=S(=O)(Nc1ccccc1)c1ccccc1,-5.599346909647499,1
CCR2-decoy_789,Cc1c2c(c(C)n1C1CC1)C(C)(C(N)=O)CC2(C)C,-5.590546909647499,0
CCR2-decoy_240,COc1ccc(N2C(=O)CC(=O)N(C(=O)CCCCCCCCC(=O)N3C(=O)CC(=O)N(c4ccc(OC)cc4)C3=S)C2=S)cc1,-5.5824469096475,0
CCR2-decoy_225,CO/N=C(\Cc1c[nH]c2ccc(Br)cc12)C(=O)NCCSSCCNC(=O)/C(Cc1c[nH]c2ccc(Br)cc12)=N/OC,-5.580146909647499,0
CCR2-decoy_692,C[C@@H]1CC(=O)CC[C@@H]1OCc1ccccc1,-5.570246909647499,0
CCR2-decoy_788,CC(=O)c1cccc(n2nc(C(C)=O)c(C(C)=O)c2C)c1,-5.5464469096475,0
CCR2-decoy_722,COc1nc(c2ccc(F)cc2)c(c2ccc(S(C)(=O)=O)cc2)cc1C#N,-5.5454469096475,0
CCR2-decoy_752,Cc1ccc(S[C@H]2CC(=O)[C@@H]3OC[C@H]2O3)cc1,-5.537546909647499,0
CCR2-decoy_726,C#CCCn1c(Sc2ccc(Cl)cc2Cl)nc2c(N)ncnc21,-5.536446909647499,0
CCR2-decoy_159,COc1cc([C@H]2c3c(cc(OC)c(OC)c3OC)C(=O)[C@@H]3COC[C@H]32)cc(OC)c1OC,-5.534246909647499,0
CCR2-decoy_199,COC(=O)C1(Cc2ccc(OC)cc2)CC(=O)OC1c1cc(OC)c(OC)c(OC)c1,-5.532546909647499,0
CCR2-decoy_797,Cc1ccn2c(C(=O)c3sc(N)nc3C)cnc2c1,-5.5313469096475,0
CCR2-decoy_29,CSc1ccc(Cl)c(C(=O)OCC(=O)N2CC(C)OC(C)C2)c1,-5.5295469096474985,0
CCR2-decoy_489,COc1cc2c(c(OC)c1OC)-c1c(cc3c(c1OC)OCO3)C[C@H](C)[C@](C)(O)[C@H]2OC(=O)c1ccc(C)c(Cl)c1,-5.5255469096475,0
CCR2-decoy_18,O=C(CCC(F)(F)F)N1CC(c2nc(c3cccs3)no2)C1,-5.520546909647499,0
CCR2-decoy_525,CCS(=O)(=O)c1cccnc1N1CCc2nc(SC)nc(Nc3ccc(C(F)(F)F)cc3)c2CC1,-5.519446909647499,0
CCR2-decoy_602,CC(=O)Nc1ccc(c2nc3c(O)cccc3s2)cc1Cl,-5.5177469096474985,0
CCR2-decoy_339,CCCC[C@H](C)[C@@H]1CC(=O)N[C@@H](C(c2ccccc2)c2ccccc2)C(=O)N[C@@H](CC(N)=O)C(=O)N[C@H](C[C@@H](C)CC)C(=O)O1,-5.5092469096475,0
CCR2-decoy_633,OCc1sc(Nc2ccccc2)nc1c1ccncc1,-5.500346909647499,0
CCR2-decoy_736,COc1cc2c(cc1OC)C(=O)N1C=C(/C=C/c3ccc(F)cc3)C[C@H]1C=N2,-5.498046909647499,0
CCR2-decoy_129,CC(C)OCc1ccc(C(=O)N2CCN(S(=O)(=O)c3ccc(Br)s3)CC2)cc1,-5.4955469096475,0
CCR2-decoy_768,O=[N+]([O-])C1(Br)COC(c2ccccc2)OC1,-5.486746909647499,0
CCR2-decoy_668,Cc1ccc(COC(=O)n2cc(C)cn2)cc1,-5.486646909647499,0
CCR2-decoy_785,COC1=CC(=O)O[C@@H](CCc2ccc3c(c2)OCO3)C1,-5.485946909647498,0
CCR2-decoy_58,Cc1ccc(Oc2ccc(N(C[C@H]([NH2+]C(C)C)C(=O)[O-])S(C)(=O)=O)cc2)cc1,-5.482546909647501,0
ASD10910015,O=S(=O)(Nc1cncc(Cl)c1)c1ccccc1,-5.479146909647499,1
CCR2-decoy_575,CCn1cnc2c(cnn2c2ccccc2)c1=O,-5.477546909647499,0
CCR2-decoy_355,CCCCCCCCCCCC(=O)O[C@@]12[C@H](OC(=O)C(C)CC)[C@@H](C)[C@@]3(O)[C@@H](C=C(CO)C[C@]4(O)C(=O)C(C)=C[C@@H]34)[C@@H]1C2(C)C,-5.4743469096475,0
CCR2-decoy_705,COc1ccc(c2csc(n3ncc(c4cccs4)c3N)n2)cc1,-5.471646909647498,0
CCR2-decoy_621,C[C@H]1CNC(=O)c2c(SCC3CC3)sc(c3cc[nH]n3)c21,-5.4323469096474994,0
CCR2-decoy_5,COc1cc2c(cc1OC)C(C)N(S(=O)(=O)c1cccs1)CC2,-5.4238469096475,0
CCR2-decoy_81,COc1ccc(S(=O)(=O)NCC(=O)N(CC(=O)NC(C)(C)C)Cc2cccs2)cc1,-5.420346909647501,0
CCR2-decoy_569,N#Cc1cccc(n2ncc(c3ccccn3)n2)c1,-5.4113469096475,0
CCR2-decoy_781,CN(C)C(=O)CSc1nnc(c2ccccc2F)o1,-5.4029469096475,0
CCR2-decoy_638,CN(CCF)c1ccc(c2cc3ccccc3n2C)cc1,-5.400546909647499,0
CCR2-decoy_654,c1ccc(c2ncc(c3ncco3)cn2)cc1,-5.395046909647499,0
CCR2-decoy_51,COc1cc(c2ccccc2OC)c(O[C@@H]2O[C@H](CO)[C@@H](O)[C@H](O)[C@H]2O)c(OC)c1O,-5.3925469096475,0
CCR2-decoy_83,CCCCC[C@@H](O)C#Cc1nc(NCC)c2ncn([C@@H]3O[C@H](C(=O)NCC)[C@@H](O)[C@H]3O)c2n1,-5.386246909647499,0
CCR2-decoy_470,CO[C@@H]1C[C@@H](/C(S)=N/CCc2ccccn2)N(C(=O)NCc2ccc(C(=O)N3CCCCc4sccc43)cc2Cl)C1,-5.381746909647498,0
CCR2-decoy_676,Cc1ccc2c(c1C=O)[C@@](C)(C=O)CC2(C)C,-5.379946909647499,0
CCR2-decoy_592,COc1ncnc2c1ncn2[C@@H]1C[C@H]2CC[C@@H]1C2,-5.3797469096475,0
CCR2-decoy_765,OCc1nc2cnc3[nH]ccc3c2n1C1CCCCC1,-5.375946909647501,0
CCR2-decoy_420,O=C(Cc1cc(Br)cc(Br)c1OCCCCN=C=S)Nc1ccccc1[N+](=O)[O-],-5.3735469096475,0
CCR2-decoy_21,COc1ccc2oc(=O)c(c3ccc(Br)nn3)cc2c1,-5.372046909647499,0
CCR2-decoy_792,COc1c(=O)c2cc(O)ccc2oc1c1ccc(O)cc1,-5.366046909647499,0
CCR2-decoy_655,CC(C)c1nccn1CC(=O)c1ccccc1,-5.3628469096475,0
CCR2-decoy_756,COc1ccc(C2COc3cc(O)cc(O)c3C2=O)cc1,-5.359346909647499,0
CCR2-decoy_775,CCOC(=O)Cn1c2ccccc2nc1c1ccccn1,-5.358846909647498,0
CCR2-decoy_757,COc1cccc(n2nc3c(S)nnc(C)c3c2C)c1,-5.355946909647499,0
CCR2-decoy_787,Cc1cccc(NC(=O)Nc2cccc(C#N)c2)n1,-5.3542469096475,0
CCR2-decoy_320,COc1c(C)c(OC(C)=O)c(C(C)=O)c(OC(C)=O)c1Cc1c(OC(C)=O)c(CC=C(C)C)c(OC(C)=O)c(C(C)=O)c1OC(C)=O,-5.352946909647499,0
CCR2-decoy_69,C[NH+]1CCC=C(c2nsnc2OCCCCOc2nsnc2C2=CCC[NH+](C)C2)C1,-5.3488469096475,0
CCR2-decoy_612,COc1ccc(c2cc3cccc(OC)c3o2)cc1OC,-5.3442469096475,0
CCR2-decoy_42,O=C([O-])CCc1ccc(C#Cc2cccc(OC(F)(F)F)c2)cc1,-5.336346909647499,0
CCR2-decoy_589,CC[S+]([O-])C1=CC(=O)c2ccccc2C1=O,-5.336146909647501,0
CCR2-decoy_690,O=C(/C=C/c1ccc2c(c1)OCO2)c1ccco1,-5.329346909647499,0
CCR2-decoy_795,COc1ccc(c2cc(=O)oc3c(O)c(O)ccc32)cc1,-5.328746909647499,0
CCR2-decoy_188,COc1ccc(C(=O)Oc2c(OC)cc(C(=S)N3CCOCC3)cc2OC)cc1OC,-5.324146909647499,0
CCR2-decoy_695,C=CCn1c2ccccc2c2nnc(S)nc21,-5.320846909647499,0
ASD10910017,O=C(O)c1ccccc1Oc1ccc(Cl)cn1,-5.3074469096475,1
CCR2-decoy_763,Cc1ccc(NC(=O)CSc2nnc[nH]2)c(C)c1,-5.306846909647499,0
CCR2-decoy_585,O=C(O/N=C/c1ccc(F)cc1)N1CCOCC1,-5.302046909647499,0
CCR2-decoy_675,Cc1nn(c2ccccc2)c(C)c1C(=O)N(C)C,-5.2998469096475,0
CCR2-decoy_376,CCCCCCCCCCCC(=O)Nc1nnc(S[C@@H]2O[C@H](COC(C)=O)[C@H](OC(C)=O)[C@H](OC(C)=O)[C@H]2OC(C)=O)s1,-5.298246909647499,0
CCR2-decoy_583,N#Cc1ccc(c2cn(c3cccnc3)nn2)cc1,-5.280846909647499,0
CCR2-decoy_762,O=C(NCC1(CO)CC1)c1ccccc1C(F)(F)F,-5.2699469096475,0
CCR2-decoy_24,CN(C)c1ccc(C=C2C(=O)OC(C)(C)OC2=O)cc1Br,-5.2654469096475,0
CCR2-decoy_687,O=C(NN=C1CCCC1)c1ccccc1O,-5.258246909647499,0
CCR2-decoy_562,CCCCn1c(=O)sn(c2ccc(C)cc2)c1=O,-5.236946909647498,0
CCR2-decoy_100,CCN(CC)S(=O)(=O)c1cccc(C(=O)N/N=C/c2cc(OC)c(O)c(OC)c2)c1,-5.229646909647499,0
CCR2-decoy_300,CC(C)(CN1C(=O)c2cccc3cccc(c23)C1=O)C[N+](C)(C)CCCCCCCCCC[N+](C)(C)CC#CCOC1=NOCC1,-5.2253469096475,0
CCR2-decoy_565,Cc1cc(C(F)(F)F)nn1CC(=O)N1CCCC1,-5.222746909647499,0
CCR2-decoy_208,C=CCOc1cc(CN2C(=O)C(c3ccc(OC)c(OC)c3)=C(c3cc(OC)c(OC)c(OC)c3)C2=O)cc(OCC=C)c1OCC=C,-5.217146909647499,0
CCR2-decoy_753,CCOC(=O)c1cn(C)c(=S)n2c1nc1ccccc12,-5.2009469096475005,0
CCR2-decoy_317,COc1cc2c(c(OC)c1OC)-c1ccc(NCCC(O)C(=O)N[C@@H](CC(C)C)C(=O)OC3CCCC3)c(=O)cc1[C@@H](NC(C)=O)CC2,-5.1983469096475,0
CCR2-decoy_312,C=C(C)[C@@]1(OC(=O)/C=C/CCCCCCCCCCCCC)C[C@@H](C)[C@]2(O)[C@@H]3C=C(C)C(=O)[C@@]3(O)[C@H](O)[C@@]3(CO)O[C@H]3[C@H]2[C@H]1O,-5.187446909647498,0
CCR2-decoy_61,CCOC(=O)C1=C(COC(=O)CCOc2ccc(OCC)cc2)NC(=O)NC1C,-5.1814469096475,0
CCR2-decoy_266,CCCCCCCC[C@H](O)/C=C/C=C/C(=O)O[C@@]12C[C@@H](C)[C@@]3(O)[C@@H](C=C(CO)C[C@]4(O)C(=O)C(C)=C[C@H]43)[C@@H]1[C@@]2(C)COC(C)=O,-5.172046909647498,0
CCR2-decoy_651,CC(O)(C(=O)Nc1ccccc1F)C(F)(F)F,-5.1674469096475,0
CCR2-decoy_566,CCn1nc(n2ccnc2)c2ccccc2c1=O,-5.1584469096475,0
CCR2-decoy_75,CS(=O)(=O)CCCOCc1cncc(c2cnc3c(c2)CCCN3C(N)=O)c1,-5.157746909647498,0
CCR2-decoy_168,CCC(=O)N1CCc2cc(Br)cc(S(=O)(=O)CCC(=O)N(CC)CC)c21,-5.1501469096475,0
CCR2-decoy_677,CCCc1c(C)nn(c2nc(C)cc(C)n2)c1C,-5.146546909647499,0
CCR2-decoy_594,O=C1C[C@H](Sc2ccccc2)[C@H]2CO[C@@H]1O2,-5.139246909647499,0
CCR2-decoy_73,C[C@@H](O)[C@@H](C)Nc1nc(Nc2ccc([S+](N)[O-])cc2)ncc1Br,-5.138346909647499,0
CCR2-decoy_87,C=CC[NH+]1CC[NH+](CCn2c(C)c(C(=O)OC(C)(C)C)c(C)c2C(=O)OCCC)CC1,-5.1309469096475,0
CCR2-decoy_77,CCC(C)(C)NC(=O)CN(CC1CCCO1)C(=O)CCC(=O)Nc1nccs1,-5.129846909647499,0
CCR2-decoy_698,CCNc1nc(NC(C)C)c2ccccc2n1,-5.121446909647499,0
CCR2-decoy_553,N#Cc1ccccc1CSc1nnnn1C1CC1,-5.1213469096475,0
CCR2-decoy_694,Cc1cc(Nc2ccccc2O)nc(C)n1,-5.110046909647499,0
CCR2-decoy_667,C=Cc1c(C2CCCCC2)nn(C)c(=O)c1N,-5.1095469096475,0
CCR2-decoy_6,CCOC(=O)C(C)n1nc(c2ccc(Br)cc2)ccc1=O,-5.1064469096475,0
CCR2-decoy_563,Cc1cc(OC(=O)N(C)C)n(c2ccccc2)n1,-5.1021469096475,0
CCR2-decoy_12,C=C1C(=O)O[C@@H]2[C@@H]3C(=C(C)C[C@H](OC(=O)/C(C)=C\C)[C@@H]12)C[C@@H]1O[C@@]13C,-5.100546909647499,0
CCR2-decoy_783,CC1(C)CC(=O)C=C(NNC(=O)OC(C)(C)C)C1,-5.098046909647499,0
CCR2-decoy_659,O=C(NN=C1CCCC1)c1cccc(O)c1,-5.0958469096475,0
CCR2-decoy_693,NC(=S)c1cccc(c2ccccn2)c1,-5.0833469096475,0
CCR2-decoy_662,CCCCc1c(O)n(c2ccccc2)[nH]c1=O,-5.0822469096475,0
CCR2-decoy_796,S=C(NCc1ccccc1)N/N=C/c1cccs1,-5.0805469096475,0
CCR2-decoy_608,Cc1csc(NC(=O)NC23CC4CC(CC(C4)C2)C3)n1,-5.0693469096475,0
CCR2-decoy_595,N#Cc1cccc(c2cc(n3ccnc3)ncn2)c1,-5.061946909647499,0
CCR2-decoy_661,CC(C)Cc1nc(N)nn1c1ccccc1,-5.061846909647498,0
CCR2-decoy_14,CCn1c(S)nnc1c1cc2c(C(F)(F)F)nn(C)c2s1,-5.054546909647501,0
CCR2-decoy_410,COc1cc2c(c(OC)c1OC)-c1c(cc3c(c1OC)OCO3)C[C@H](C)[C@](C)(O)[C@H]2OC(=O)c1ccc(C#N)cc1,-5.043546909647499,0
CCR2-decoy_663,COc1ccccc1c1cc(=O)[nH]c(=S)[nH]1,-5.0381469096475,0
CCR2-decoy_777,CCc1c(C)c2ccc(OCC(=O)OC)cc2oc1=O,-5.036146909647499,0
CCR2-decoy_574,CCN1C(=O)C(=O)N(c2c(C)cccc2C)C1=S,-5.031246909647499,0
CCR2-decoy_346,CCC[n+]1cccc(NC(=O)c2ccc(NC(=O)c3ccc(C(=O)Nc4ccc(C(=O)Nc5ccc[n+](CCC)c5)cc4)c(C)c3)cc2)c1,-5.030746909647499,0
CCR2-decoy_767,COCCC(=O)N1CCCC1c1cccc(C)c1C,-5.023246909647499,0
CCR2-decoy_672,O=C(CS)Nc1cc(c2ccc(F)cc2)n[nH]1,-5.0176469096475,0
CCR2-decoy_577,CC(C)N1CCc2c(C3CC3)nc3ncnn3c21,-5.015346909647498,0
CCR2-decoy_600,O=C(c1csc(N2CCCCC2)n1)N1CCCC1,-5.015146909647499,0
CCR2-decoy_572,CC(C)Cn1c(S(=O)(=O)[O-])nc2ccccc21,-4.995646909647499,0
CCR2-decoy_680,CC(C)C[C@@]12OO[C@]3(C)OC(C)(CCC31)O2,-4.9795469096475,0
CCR2-decoy_790,COc1cc(C=O)ccc1OC(=O)c1cccnc1,-4.977846909647499,0
CCR2-decoy_601,COc1cccc(n2c(C)c(C(C)=O)c(C(C)=O)c2C)c1,-4.975246909647499,0
CCR2-decoy_16,CSc1nccc(c2ccc(S(=O)(=O)N3CCCCC3)s2)n1,-4.969746909647499,0
CCR2-decoy_591,CC[C@H]1COCCN1C(=O)c1ncc(F)cc1F,-4.959146909647499,0
CCR2-decoy_771,COc1ccc2oc(C)c(C(=O)Cn3ccnc3)c2c1,-4.959146909647499,0
CCR2-decoy_597,COP(=O)([O-])c1ccc(C(F)(F)F)cc1,-4.957146909647499,0
CCR2-decoy_773,COC(=O)c1ccc(Cn2nc(C)cc2C)c(OC)c1,-4.938146909647498,0
CCR2-decoy_335,COC(=O)c1c(c2cc(OC)c(OC)c(OC)c2)c(c2cc(OC)c(OC)c(OC)c2)c(C(=O)OC)n1CCc1ccc(OC)cc1,-4.9351469096475,0
CCR2-decoy_50,CN(Cc1ccsc1)C(=O)c1nc(N2CCCC2)ncc1Cl,-4.930846909647499,0
CCR2-decoy_691,Cc1c(C)c2c(c(C)c1O)CCC(C)(CCO)O2,-4.9289469096475,0
CCR2-decoy_670,CC(C)=C(C)OC(=O)/C=C/c1ccc(O)c(O)c1,-4.927846909647499,0
CCR2-decoy_252,COc1cc(/C=C/c2cc(/C=C/c3cc(OC)c(OC)c(OC)c3)nc(OCCCCCCSC(N)=[NH2+])n2)cc(OC)c1OC,-4.918646909647499,0
CCR2-decoy_699,CCc1ccc2c(n1)C(C(N)=S)CCC2,-4.916546909647499,0
CCR2-decoy_551,N#Cc1cccc(c2cncnc2n2ccnc2)c1,-4.9071469096475,0
CCR2-decoy_356,O=C1[C@@H]2[C@H]3CC[C@H](O3)[C@@H]2C(=O)N1CCCCCCOP(=O)(OCC(Cl)(Cl)Cl)OCC(Cl)(Cl)Cl,-4.8922469096475,0
CCR2-decoy_759,Oc1ccc2nc(c3ccc(NCCF)nc3)oc2c1,-4.889546909647499,0
CCR2-decoy_554,Cc1cccc(Sc2nccn(C)c2=O)c1,-4.885446909647499,0
CCR2-decoy_658,C=CCc1c(O)cc(O)c2c(=O)cc(C)oc12,-4.878846909647499,0
CCR2-decoy_9,CCN1C(=O)N(c2ncc(C#Cc3cccc(F)c3)cn2)CC1(C)C,-4.871046909647499,0
CCR2-decoy_697,OCc1ccc(Sc2nc3ccccc3[nH]2)o1,-4.868846909647499,0
CCR2-decoy_669,CCCOc1ccc2ccc(=O)oc2c1C(C)=O,-4.865646909647498,0
CCR2-decoy_59,Cc1ccc(N/C(=C\[N+](=O)[O-])N[C@H]2CCCCN(CC(=O)N3CCCC3)C2=O)cc1,-4.8612469096475,0
CCR2-decoy_620,Oc1ccc2nc(c3ccc(NCCF)nc3)sc2c1,-4.843846909647499,0
CCR2-decoy_430,COc1cc(C(=O)Nc2nnc(/C=C/c3cc(OC)c(OC)c(OC)c3Br)s2)cc(OC)c1OC,-4.8266469096475,0
CCR2-decoy_780,CC(C)(CO)NC(=O)/C=C/c1ccc(Cl)cc1,-4.8176469096474985,0
CCR2-decoy_700,CC(C)=NNC1=C2C(=S)NN=C2CC(C)(C)C1,-4.793646909647499,0
CCR2-decoy_760,COC(=O)CSc1nnc(C)n1c1ccc(C)cc1,-4.779746909647498,0
CCR2-decoy_689,OCc1ccncc1NCc1ccccc1,-4.754046909647498,0
CCR2-decoy_257,CCN(CCCl)c1ccc(NC(=O)c2cc(C(=O)NCC[NH+](C)C)cc(C(=O)Nc3ccc(N(CC)CCCl)cc3)c2)cc1,-4.7475469096475,0
CCR2-decoy_19,CCOc1ccc2nc(N3CCN(C(=O)C(C)C)CC3)sc2c1,-4.746946909647499,0
CCR2-decoy_660,c1ccc(c2csc(c3ncccn3)n2)nc1,-4.7345469096475,0
CCR2-decoy_681,C/C(=C/CC[C@@]1(C)[C@H]2CC[C@]1(C)[C@H](O)C2)CO,-4.731146909647499,0
CCR2-decoy_673,CCN(C(=O)c1ccnn1C)c1ccccc1,-4.7239469096475,0
CCR2-decoy_653,Cc1ccc(N(CCC#N)C(=O)CCl)cc1C,-4.7013469096475,0
CCR2-decoy_555,O=C1C(=O)c2ccccc2C([O-])=C1CCCCl,-4.6983469096475,0
CCR2-decoy_213,COc1cc(C(=O)OCC(O[Si](C)(C)C(C)(C)C)c2cc(OC)c(OC)c(OC)c2I)cc(OC)c1OC,-4.690346909647499,0
CCR2-decoy_285,COc1ccc(CCn2c(C(=O)N(C)C)c(c3cc(OC)c(OC)c(OC)c3)c(c3cc(OC)c(OC)c(OC)c3)c2C(=O)N(C)C)cc1,-4.6537469096475,0
CCR2-decoy_552,CC(C)Cn1cc(c2cncc3nccn32)cn1,-4.6494469096475,0
CCR2-decoy_560,C=C(Cn1ccccc1=O)C(=O)c1ccsc1,-4.6493469096475,0
CCR2-decoy_588,C#CCSc1nncn1c1ccc(C)cc1,-4.647946909647498,0
CCR2-decoy_517,COc1cc2c(c(OC)c1OC)-c1cc(I)c(OC(=O)C=C(C)C)cc1[C@@H](NC(C)=O)CC2,-4.6093469096475,0
CCR2-decoy_593,COc1cccc(n2nc(C#N)c(Cl)cc2=O)c1,-4.6003469096475005,0
CCR2-decoy_656,COc1cccc2oc(C(=O)C[S+](C)[O-])cc12,-4.589946909647499,0
CCR2-decoy_510,COc1ccc(CO[N+](=O)[O-])cc1C(=O)N[C@H]1CCc2cc(OC)c(OC)c(OC)c2-c2ccc(SC)c(=O)cc21,-4.565946909647499,0
CCR2-decoy_679,N#Cc1nc(CSCc2ccccc2)oc1N,-4.549646909647499,0
CCR2-decoy_674,N#Cc1cccc(C#N)c1Oc1ccc(N)cc1,-4.544546909647499,0
CCR2-decoy_582,Clc1cccc(n2cnnn2)c1N1CCCC1,-4.5037469096475,0
CCR2-decoy_657,CCOC(=O)c1c(C)nc2ccc(C)cn12,-4.4742469096475,0
CCR2-decoy_717,COc1ccc(c2cc3c(c(OC)c2)OCCN(C(=O)C2CC2)C3)cc1C,-4.441246909647499,0
CCR2-decoy_164,CC(C)=CCC[C@]1(C)/C=C/[C@@H](OC(=O)C=C(C)C)[C@](C)(O)/C=C/C(=O)/C(C(=O)[O-])=C\C1,-4.439746909647499,0
CCR2-decoy_678,CSC(=S)NCc1c[nH]c2ccccc12,-4.4266469096475,0
CCR2-decoy_180,CCCC(SC(=O)CCO[N+](=O)[O-])C1=CC(=C(Br)Br)OC1=O,-4.424846909647499,0
CCR2-decoy_686,CCNC(=O)Nc1nc2c(s1)CCCC2,-4.421546909647499,0
CCR2-decoy_629,ClCc1nn(c2ccccc2)c(CCl)c1CCl,-4.410546909647499,0
CCR2-decoy_160,CCCOc1nc(C(Br)Br)c([N+](=O)[O-])c(N2CCOCC2)n1,-4.3856469096475,0
CCR2-decoy_564,CCc1nnc(S)n1/N=C/c1ccccn1,-4.3799469096475,0
CCR2-decoy_26,CC(C)(Sc1nc2cc(Br)ccc2s1)C(=O)[O-],-4.352946909647499,0
CCR2-decoy_776,Cc1cc(C(=O)C(C)C)c(O)c(Br)c1O,-4.3328469096475,0
CCR2-decoy_189,CCN(CC)C(=O)Cn1cc(S(=O)(=O)CC(=O)N2CCCCCC2)c2ccccc21,-4.3217469096475,0
CCR2-decoy_664,N#Cc1ccccc1CSC1=NCCS1,-4.3100469096474985,0
CCR2-decoy_581,CC1=C([O-])S[C@](C)(/C=C(C)/C=C/C#N)C1=O,-4.308246909647499,0
CCR2-decoy_631,OCc1csc(c2ccc(c3ccc(CO)s3)s2)c1,-4.264946909647499,0
CCR2-decoy_800,CN(Cc1ccco1)c1ncncc1c1ccoc1,-4.2516469096475,0
CCR2-decoy_47,Clc1ncn(c2csc(N3CCOCC3)n2)c1Br,-4.242846909647499,0
CCR2-decoy_786,COc1ccc2nc(SC)c3c(C)ncn3c2n1,-4.176946909647499,0
CCR2-decoy_671,COC(=O)c1ccc(OC=C(C)C)c(OC)c1,-4.155746909647499,0
CCR2-decoy_682,COc1cc2c(C)nc(C)c(C#N)c2cc1OC,-4.1427469096474985,0
CCR2-decoy_798,CC(C)NC(=S)N/N=C1\CCCCc2ccccc21,-4.129146909647499,0
CCR2-decoy_567,CCc1c(C)sc2ncnc(SCC(=O)[O-])c12,-4.1161469096475,0
CCR2-decoy_22,CCOC(=O)CCn1c2c(=O)ssc2c2ssc(=O)c21,-4.066046909647499,0
CCR2-decoy_30,COC1(OC)C2(Cl)C(Cl)=C(Cl)C1(Cl)C1COCC12,-4.057046909647499,0
CCR2-decoy_571,Sc1ncnc2c1ncn2Cc1ccco1,-4.0454469096475,0
CCR2-decoy_2,Cc1c(Cl)cccc1N(CC(=O)N1CCCCCC1)S(C)(=O)=O,-3.9038469096475,0
CCR2-decoy_244,O=[N+]([O-])c1ccc(COP(=O)(N(CCBr)CCBr)N(CCBr)CCBr)o1,-3.8065469096475,0
CCR2-decoy_557,COc1ccnc(N(C)Cc2csc(C)n2)n1,-3.7940469096474985,0
CCR2-decoy_578,CCN(CC)c1nc(C)c(C(C)=O)cc1C#N,-3.7458469096475,0
CCR2-decoy_590,CCSc1cccc(OS(C)(=O)=O)n1,-3.731846909647499,0
CCR2-decoy_561,CSc1nnc(N2CCOCC2)n1CC(C)C,-3.701846909647499,0
CCR2-decoy_685,C[C@H]1C=C(C=O)C(C=O)=C[C@@H]2CC(C)(C)C[C@H]12,-3.6857469096475,0
CCR2-decoy_652,CSc1nc(N)nc(c2cccs2)c1C#N,-3.6624469096474983,0
CCR2-decoy_35,COC(C)(C)/C1=C/C=C(\C)CC[C@@H]2O[C@@]2(C)CC/C=C(/C(=O)[O-])CC1,-3.651546909647499,0
CCR2-decoy_615,CCOCC(=O)N(C)c1cccc2c3c(n(C)c12)CCCCC3,-3.603246909647499,0
CCR2-decoy_568,Cc1nc(C(=O)OCCn2cccn2)cs1,-3.592146909647499,0
CCR2-decoy_596,Brc1ccc(Cn2ccnc2)cn1,-3.580346909647499,0
CCR2-decoy_754,CCOC(=O)c1c2cccccc2n2c(=O)cc(C)nc12,-3.488546909647499,0
CCR2-decoy_587,CC(=O)Cn1nc(C)c(Br)c1C,-3.3428469096475,0
CCR2-decoy_558,COC(=O)CCCn1sc(Cl)cc1=O,-3.284346909647499,0
CCR2-decoy_267,COC(=O)CCCC1(CCCC(=O)OC)CCCCCCCCC(CCCC(=O)OC)(CCCC(=O)OC)C(=O)C1=O,-3.2296469096475,0
CCR2-decoy_570,CCOC(=S)CS(=O)(=O)c1cccs1,-3.119646909647499,0
CCR2-decoy_683,C#CCSc1nsc(SCC#C)c1C#N,-3.070346909647499,0
CCR2-decoy_584,CSC(SC)=C(C#N)S(=O)(=O)C(C)C,-2.6608469096475,0
